gauge_id,p_mean,p_seasonality,frac_snow,high_prec_freq,high_prec_dur,high_prec_timing,low_prec_freq,low_prec_dur,low_prec_timing
DE110000,2.97,0.01,0.12,15.23,1.19,djf,202.67,3.71,son
DE110010,2.87,0.05,0.12,13.3,1.19,jja,178.97,3.72,son
DE110020,2.54,0.19,0.1,15.22,1.18,jja,212.8,3.74,son
DE110030,2.45,0.25,0.09,15.23,1.17,jja,213.89,3.74,son
DE110040,2.61,0.4,0.07,17.16,1.18,jja,223.92,3.75,son
DE110060,3.45,0.28,0.1,16.26,1.17,jja,209.92,3.74,son
DE110080,2.29,0.2,0.08,17.74,1.17,jja,230.81,3.77,son
DE110090,2.57,0.23,0.11,16.23,1.17,jja,215.27,3.77,son
DE110100,2.75,0.08,0.11,15.77,1.17,jja,212.88,3.76,son
DE110120,2.63,0.4,0.06,17.07,1.17,jja,225.83,3.77,son
DE110130,2.84,0.36,0.08,17.75,1.17,jja,223.38,3.77,son
DE110140,2.41,0.26,0.1,18.0,1.17,jja,226.92,3.78,son
DE110150,2.92,0.0,0.11,15.44,1.17,djf,207.51,3.77,son
DE110160,2.67,0.2,0.11,15.87,1.17,jja,208.75,3.77,son
DE110170,1.92,0.07,0.05,18.5,1.17,jja,245.09,3.81,mam
DE110180,1.99,0.05,0.05,18.22,1.17,jja,243.11,3.84,mam
DE110190,1.98,0.1,0.06,17.53,1.17,jja,239.28,3.86,son
DE110200,1.95,0.09,0.05,17.07,1.17,jja,238.42,3.88,son
DE110210,2.01,0.02,0.05,18.03,1.17,jja,241.06,3.89,mam
DE110220,4.2,0.22,0.08,17.71,1.17,jja,211.07,3.88,son
DE110250,3.65,-0.06,0.17,16.04,1.17,djf,208.83,3.87,son
DE110260,3.12,-0.08,0.12,18.55,1.18,djf,220.81,3.87,son
DE110270,4.76,-0.21,0.18,16.7,1.18,djf,197.33,3.87,son
DE110280,3.7,-0.04,0.07,17.78,1.18,,216.48,3.86,son
DE110290,3.24,0.16,0.05,17.06,1.18,jja,216.82,3.86,son
DE110300,4.01,0.05,0.1,16.35,1.18,jja,208.13,3.85,son
DE110310,3.73,-0.05,0.07,15.15,1.18,djf,205.18,3.84,son
DE110320,4.34,-0.11,0.09,15.88,1.18,djf,203.58,3.84,son
DE110330,4.16,-0.11,0.11,15.41,1.18,djf,190.74,3.83,son
DE110340,4.92,-0.06,0.08,15.94,1.18,son,201.01,3.83,son
DE110350,2.45,0.15,0.09,16.83,1.18,jja,222.46,3.83,son
DE110360,2.46,0.15,0.09,16.19,1.18,jja,219.13,3.83,son
DE110370,2.62,0.06,0.09,16.04,1.18,jja,217.6,3.83,son
DE110380,3.52,-0.19,0.09,16.87,1.18,djf,213.98,3.83,son
DE110390,2.03,0.24,0.06,18.35,1.18,jja,238.69,3.84,son
DE110400,2.43,0.17,0.07,15.37,1.18,jja,218.56,3.84,son
DE110410,2.6,0.29,0.08,17.04,1.18,jja,223.29,3.84,son
DE110420,2.69,0.12,0.06,15.26,1.18,jja,203.86,3.84,son
DE110430,2.56,0.09,0.04,17.62,1.18,jja,225.6,3.84,son
DE110440,2.83,0.05,0.06,16.72,1.18,jja,212.36,3.84,son
DE110450,2.07,0.11,0.04,17.87,1.18,jja,229.35,3.85,son
DE110460,2.65,-0.08,0.06,18.28,1.18,djf,222.37,3.85,son
DE110470,2.19,0.06,0.03,17.02,1.18,jja,218.36,3.86,son
DE110480,2.48,-0.03,0.04,17.43,1.18,djf,219.77,3.87,son
DE110490,2.38,0.24,0.07,17.15,1.18,jja,227.19,3.87,son
DE110500,2.97,0.18,0.08,17.25,1.18,jja,221.73,3.87,son
DE110510,3.91,-0.12,0.13,16.35,1.18,djf,206.19,3.86,son
DE110520,3.54,-0.1,0.11,16.25,1.18,djf,208.81,3.86,son
DE110530,2.72,0.05,0.07,17.38,1.19,jja,221.84,3.86,son
DE110540,2.4,0.08,0.05,17.68,1.19,jja,230.65,3.87,son
DE110550,2.28,0.08,0.07,16.58,1.19,jja,223.28,3.87,son
DE110560,2.19,-0.02,0.05,17.59,1.19,jja,226.02,3.88,mam
DE110570,2.71,-0.03,0.08,16.57,1.19,djf,219.28,3.88,son
DE110600,2.38,0.43,0.06,18.02,1.19,jja,232.83,3.88,son
DE110610,3.94,-0.19,0.14,13.17,1.19,djf,163.05,3.88,son
DE110620,3.04,0.32,0.08,17.35,1.19,jja,220.32,3.88,son
DE110640,2.49,0.22,0.1,17.16,1.19,jja,223.53,3.87,son
DE110650,2.35,0.19,0.09,18.07,1.19,jja,231.32,3.88,son
DE110660,2.45,0.24,0.1,16.41,1.18,jja,220.29,3.87,son
DE110670,2.29,0.19,0.08,17.63,1.18,jja,230.89,3.88,son
DE110680,4.14,-0.17,0.15,16.72,1.18,djf,204.73,3.87,son
DE110690,3.14,-0.08,0.11,16.76,1.19,djf,217.32,3.87,son
DE110700,2.4,0.44,0.06,17.97,1.18,jja,231.11,3.87,son
DE110710,2.45,0.43,0.05,17.66,1.18,jja,230.64,3.87,son
DE110730,2.26,0.32,0.06,18.3,1.18,jja,233.17,3.87,son
DE110750,2.58,0.23,0.11,17.06,1.18,jja,221.27,3.87,son
DE110780,2.46,0.43,0.05,17.3,1.18,jja,230.13,3.87,son
DE110790,2.55,0.42,0.06,17.79,1.18,jja,232.13,3.87,son
DE110810,4.44,-0.2,0.15,17.41,1.18,djf,206.3,3.87,son
DE110820,2.73,0.37,0.07,17.39,1.18,jja,225.63,3.87,son
DE110830,2.98,0.32,0.08,18.0,1.18,jja,223.41,3.87,son
DE110840,2.89,0.34,0.08,18.44,1.18,jja,229.37,3.87,son
DE110860,2.52,0.31,0.07,17.64,1.18,jja,229.38,3.87,son
DE110870,4.91,0.16,0.13,17.19,1.18,jja,205.27,3.86,son
DE110880,2.36,0.34,0.07,17.95,1.18,jja,236.72,3.87,son
DE110900,3.57,-0.11,0.12,16.31,1.18,djf,208.83,3.86,son
DE110920,4.37,-0.13,0.09,15.3,1.18,djf,200.39,3.86,son
DE110930,2.71,0.04,0.05,17.42,1.18,jja,221.97,3.86,son
DE110940,2.82,0.15,0.03,17.22,1.18,jja,222.27,3.86,son
DE110950,4.55,0.18,0.1,16.23,1.18,jja,203.6,3.86,son
DE110960,2.29,0.14,0.07,17.67,1.18,jja,230.22,3.86,son
DE110970,2.26,0.08,0.07,16.84,1.18,jja,228.31,3.86,son
DE110980,2.48,0.2,0.04,17.75,1.18,jja,228.58,3.86,son
DE110990,2.34,0.25,0.04,18.32,1.18,jja,234.19,3.86,son
DE111000,2.9,0.19,0.12,17.52,1.18,jja,220.93,3.86,son
DE111010,2.81,0.2,0.1,17.0,1.18,jja,221.0,3.86,son
DE111020,2.36,0.05,0.05,18.07,1.18,jja,230.64,3.86,son
DE111030,2.43,0.17,0.06,15.69,1.18,jja,217.64,3.86,son
DE111040,2.57,0.12,0.05,16.36,1.18,jja,221.1,3.86,son
DE111060,2.26,0.11,0.06,17.82,1.18,jja,235.31,3.87,son
DE111070,2.05,0.26,0.06,18.44,1.18,jja,237.81,3.87,son
DE111110,4.16,-0.1,0.06,16.28,1.18,djf,207.11,3.87,son
DE111120,4.74,-0.2,0.12,17.14,1.18,djf,204.82,3.87,son
DE111130,2.22,0.06,0.03,17.86,1.18,jja,234.61,3.87,mam
DE111140,4.31,0.21,0.08,16.29,1.18,jja,204.37,3.87,son
DE111150,2.21,0.27,0.05,18.44,1.18,jja,235.91,3.87,son
DE111160,2.81,0.34,0.06,17.62,1.18,jja,223.17,3.87,son
DE111170,3.19,0.3,0.07,17.85,1.18,jja,222.65,3.87,son
DE111180,2.77,0.31,0.06,17.45,1.18,jja,217.64,3.87,son
DE111190,3.86,-0.02,0.12,15.41,1.18,son,199.61,3.86,son
DE111210,2.74,0.35,0.06,17.68,1.18,jja,224.25,3.86,son
DE111220,2.75,0.3,0.05,18.29,1.18,jja,229.61,3.86,son
DE111230,4.82,0.21,0.09,16.65,1.18,jja,204.06,3.86,son
DE111240,4.96,0.18,0.12,16.35,1.18,jja,201.92,3.86,son
DE111250,2.16,0.07,0.03,18.13,1.18,jja,236.42,3.86,mam
DE111260,3.84,-0.05,0.04,16.66,1.18,son,211.88,3.86,son
DE111270,2.77,0.26,0.05,17.44,1.18,jja,221.47,3.86,son
DE111280,2.77,-0.06,0.08,17.48,1.18,djf,223.41,3.86,son
DE111290,2.85,0.02,0.06,17.71,1.18,jja,226.29,3.86,son
DE111300,2.77,-0.02,0.06,17.1,1.18,jja,222.81,3.86,son
DE111310,2.57,0.01,0.09,16.95,1.18,djf,225.39,3.86,son
DE111320,2.87,-0.05,0.09,16.69,1.18,djf,217.46,3.86,son
DE111330,3.89,-0.2,0.1,16.9,1.18,djf,213.89,3.86,son
DE111340,3.82,-0.11,0.1,16.48,1.18,djf,208.29,3.86,son
DE111350,3.92,-0.12,0.12,16.2,1.18,djf,207.09,3.86,son
DE111360,2.09,0.28,0.06,18.66,1.18,jja,239.28,3.86,son
DE111370,2.37,0.14,0.06,15.65,1.18,jja,207.18,3.86,son
DE111380,2.1,0.28,0.04,18.59,1.18,jja,237.91,3.86,son
DE111390,2.37,0.32,0.05,17.83,1.18,jja,230.42,3.86,son
DE111400,3.31,-0.03,0.04,17.25,1.18,son,217.44,3.86,son
DE111410,4.56,-0.22,0.1,16.42,1.18,djf,204.46,3.86,son
DE111420,5.16,-0.21,0.11,16.06,1.18,djf,200.96,3.86,son
DE111430,4.75,-0.17,0.11,16.14,1.18,djf,202.9,3.86,son
DE111440,4.99,-0.23,0.1,16.42,1.18,djf,203.76,3.86,son
DE111450,2.49,0.4,0.06,17.0,1.18,jja,229.73,3.86,son
DE111460,2.64,0.32,0.05,17.8,1.18,jja,229.27,3.86,son
DE111470,2.72,0.29,0.05,18.73,1.18,jja,231.34,3.86,son
DE111480,3.33,-0.07,0.11,16.6,1.18,djf,211.33,3.86,son
DE111490,4.55,-0.13,0.07,15.82,1.18,djf,204.09,3.86,son
DE111500,4.66,-0.1,0.1,16.82,1.18,son,207.68,3.86,son
DE111510,3.45,-0.19,0.07,17.3,1.18,djf,218.25,3.86,son
DE111550,2.34,0.15,0.04,18.05,1.18,jja,233.44,3.86,son
DE111560,2.62,-0.0,0.06,16.35,1.18,djf,217.96,3.86,son
DE111570,2.32,0.1,0.06,17.39,1.18,jja,231.93,3.86,son
DE111580,2.03,0.25,0.04,18.58,1.18,jja,239.47,3.86,son
DE111590,2.67,-0.08,0.07,17.64,1.18,djf,227.14,3.86,son
DE111600,2.47,0.03,0.05,16.63,1.18,jja,223.34,3.86,son
DE111610,2.28,0.01,0.05,15.98,1.18,jja,225.64,3.86,son
DE111620,2.65,0.21,0.11,16.64,1.18,jja,217.7,3.86,son
DE111630,2.55,0.03,0.06,16.77,1.18,jja,223.24,3.86,son
DE111640,2.47,0.25,0.07,17.33,1.18,jja,228.6,3.86,son
DE111650,3.31,-0.19,0.08,17.03,1.18,djf,216.4,3.86,son
DE111660,3.09,-0.2,0.09,17.5,1.19,djf,222.43,3.86,son
DE111670,1.98,0.33,0.03,18.5,1.19,jja,243.01,3.86,son
DE111680,2.29,0.09,0.04,18.35,1.19,jja,234.68,3.86,son
DE111690,2.46,0.31,0.05,17.59,1.18,jja,227.33,3.86,son
DE111700,2.38,-0.09,0.04,18.98,1.18,djf,235.24,3.86,jja
DE111710,2.62,-0.14,0.05,17.31,1.18,djf,215.09,3.87,mam
DE111720,2.65,-0.01,0.06,16.25,1.19,djf,218.82,3.87,son
DE111730,2.68,0.2,0.06,16.77,1.18,jja,221.27,3.86,son
DE111740,2.63,0.04,0.06,17.2,1.19,jja,222.6,3.86,son
DE111770,2.18,0.14,0.06,17.97,1.19,jja,236.67,3.87,mam
DE111780,2.42,0.24,0.09,18.52,1.19,jja,231.92,3.87,son
DE111790,4.13,0.22,0.09,16.6,1.19,jja,207.61,3.87,son
DE111810,4.81,0.17,0.13,16.59,1.19,jja,206.15,3.86,son
DE111820,2.04,0.21,0.04,18.52,1.19,jja,237.14,3.87,son
DE111830,2.47,0.21,0.1,17.19,1.19,jja,222.68,3.86,son
DE111840,2.45,0.33,0.06,17.3,1.18,jja,226.17,3.86,son
DE111850,4.37,-0.08,0.1,16.6,1.18,djf,204.84,3.86,son
DE111860,4.46,-0.08,0.06,15.29,1.18,djf,201.41,3.86,jja
DE111870,3.62,0.0,0.05,16.6,1.18,jja,211.34,3.86,son
DE111880,3.09,0.12,0.04,18.41,1.18,jja,220.8,3.86,son
DE111890,1.93,0.11,0.04,16.83,1.18,jja,239.11,3.86,mam
DE111900,2.71,0.26,0.08,17.48,1.18,jja,221.8,3.86,son
DE111910,2.4,0.26,0.08,17.68,1.18,jja,227.24,3.86,son
DE111920,2.63,-0.0,0.06,15.89,1.18,djf,218.31,3.86,son
DE111940,2.61,0.05,0.07,17.39,1.18,jja,225.28,3.86,son
DE111960,3.78,-0.1,0.08,16.47,1.18,djf,206.34,3.86,son
DE111980,2.48,0.27,0.09,17.12,1.18,jja,222.9,3.86,son
DE111990,2.24,0.43,0.06,17.81,1.18,jja,235.01,3.86,son
DE112010,2.17,0.14,0.03,19.2,1.18,jja,238.53,3.86,mam
DE112020,1.89,0.15,0.04,18.35,1.18,jja,246.09,3.86,mam
DE112030,2.33,0.06,0.05,17.4,1.18,jja,224.23,3.86,son
DE112040,2.7,-0.03,0.06,17.84,1.18,jja,227.36,3.86,son
DE112050,3.29,-0.07,0.09,17.08,1.18,djf,214.79,3.86,son
DE112060,2.25,0.28,0.05,18.77,1.18,jja,235.81,3.86,son
DE112070,2.47,0.06,0.03,18.54,1.18,jja,230.61,3.86,son
DE112100,2.42,0.03,0.06,18.09,1.18,jja,232.79,3.86,mam
DE112110,2.31,0.09,0.06,17.55,1.18,jja,233.24,3.86,mam
DE112120,2.42,-0.01,0.05,18.24,1.18,djf,231.58,3.86,mam
DE112130,2.79,-0.02,0.05,17.56,1.18,mam,217.64,3.86,mam
DE112140,2.64,0.2,0.08,17.33,1.18,jja,226.68,3.86,son
DE112160,3.26,-0.13,0.09,17.32,1.18,djf,217.29,3.86,son
DE112180,2.48,0.28,0.08,17.95,1.18,jja,231.53,3.86,son
DE112200,3.31,-0.13,0.1,17.42,1.18,djf,217.18,3.86,son
DE112220,2.26,0.06,0.05,19.17,1.18,jja,236.63,3.86,mam
DE112260,3.57,-0.16,0.1,18.48,1.18,djf,215.5,3.86,son
DE112280,2.62,0.09,0.06,18.11,1.18,jja,230.91,3.86,mam
DE112310,2.3,0.26,0.09,17.8,1.18,jja,229.5,3.86,son
DE112320,2.13,0.14,0.07,18.47,1.18,jja,239.83,3.86,son
DE112330,3.41,-0.08,0.07,15.78,1.18,djf,212.29,3.86,son
DE112350,2.71,0.18,0.08,16.17,1.18,jja,223.79,3.86,son
DE112360,1.82,0.19,0.04,19.47,1.18,jja,251.07,3.87,son
DE112370,2.03,0.08,0.03,19.94,1.18,jja,243.42,3.87,son
DE112380,1.97,0.09,0.03,19.41,1.18,jja,243.77,3.87,mam
DE112390,2.6,0.13,0.05,18.67,1.18,jja,231.1,3.87,son
DE112400,2.27,0.31,0.08,18.25,1.18,jja,232.8,3.87,son
DE112410,3.31,-0.12,0.13,17.88,1.18,djf,216.72,3.87,son
DE112420,3.81,-0.08,0.07,18.91,1.18,,214.68,3.87,son
DE112450,2.77,0.39,0.07,20.0,1.18,jja,233.4,3.87,son
DE112480,2.02,0.06,0.02,20.3,1.18,jja,250.53,3.87,mam
DE112490,2.48,0.1,0.08,17.85,1.18,jja,228.63,3.87,son
DE112500,2.39,0.46,0.06,18.19,1.18,jja,235.01,3.87,son
DE210300,4.75,0.34,0.17,15.34,1.18,jja,197.35,3.86,son
DE210310,5.75,0.18,0.21,14.68,1.18,jja,193.17,3.86,son
DE210320,5.11,0.24,0.14,16.16,1.18,jja,203.81,3.86,son
DE210350,4.23,0.35,0.12,15.94,1.18,jja,205.46,3.86,son
DE210370,3.58,0.34,0.1,17.55,1.18,jja,212.74,3.85,son
DE210380,3.01,0.36,0.07,17.35,1.18,jja,221.62,3.85,son
DE210400,2.51,0.41,0.06,17.24,1.18,jja,229.27,3.85,son
DE210410,3.09,0.35,0.08,16.79,1.18,jja,217.13,3.85,son
DE210420,2.88,0.38,0.07,16.51,1.18,jja,218.71,3.85,son
DE210430,2.81,0.4,0.07,16.31,1.18,jja,218.68,3.85,son
DE210450,2.9,0.37,0.07,16.76,1.18,jja,221.75,3.85,son
DE210460,2.65,0.39,0.07,16.33,1.18,jja,219.61,3.85,son
DE210470,3.03,0.35,0.08,16.49,1.18,jja,219.32,3.85,son
DE210480,2.5,0.39,0.06,17.76,1.18,jja,227.33,3.85,son
DE210490,2.38,0.14,0.08,17.05,1.18,jja,227.17,3.85,son
DE210500,2.29,0.16,0.08,17.77,1.18,jja,231.1,3.85,son
DE210510,2.2,0.04,0.07,17.36,1.18,jja,235.37,3.85,mam
DE210520,2.15,0.11,0.07,16.7,1.18,jja,232.63,3.85,son
DE210530,2.08,0.16,0.06,16.79,1.18,jja,232.53,3.85,son
DE210540,2.04,0.2,0.07,16.75,1.18,jja,232.38,3.86,son
DE210550,2.21,0.04,0.06,17.06,1.18,jja,237.83,3.86,mam
DE210560,2.09,0.19,0.06,17.86,1.18,jja,236.66,3.86,son
DE210570,2.47,0.37,0.06,17.58,1.18,jja,230.97,3.86,son
DE210580,2.31,0.37,0.06,17.42,1.18,jja,229.38,3.86,son
DE210590,2.6,0.4,0.07,17.48,1.18,jja,228.89,3.86,son
DE210600,2.47,0.37,0.06,17.23,1.18,jja,228.89,3.86,son
DE210610,2.4,0.37,0.06,16.98,1.18,jja,227.35,3.86,son
DE210710,4.06,0.49,0.16,16.56,1.18,jja,206.86,3.86,son
DE210720,3.94,0.48,0.14,16.7,1.18,jja,209.03,3.85,son
DE210730,3.76,0.47,0.12,16.86,1.18,jja,210.61,3.85,son
DE210830,4.04,0.33,0.12,16.65,1.18,jja,209.0,3.85,son
DE210840,3.69,0.38,0.1,16.55,1.18,jja,209.47,3.85,son
DE210860,3.48,0.43,0.09,16.88,1.18,jja,212.19,3.85,son
DE210870,3.21,0.4,0.09,16.87,1.18,jja,215.19,3.85,son
DE210880,2.72,0.45,0.07,17.89,1.18,jja,226.26,3.85,son
DE210900,2.71,0.42,0.06,17.88,1.18,jja,226.89,3.85,son
DE210910,2.51,0.41,0.06,18.14,1.18,jja,229.98,3.85,son
DE210920,2.44,0.41,0.06,17.61,1.18,jja,228.45,3.85,son
DE210940,2.32,0.39,0.07,17.01,1.18,jja,228.57,3.85,son
DE210950,2.28,0.37,0.06,17.08,1.18,jja,229.57,3.85,son
DE210960,2.19,0.38,0.06,17.02,1.18,jja,230.78,3.85,son
DE210970,2.46,0.36,0.06,18.08,1.18,jja,233.47,3.85,son
DE211000,2.18,0.33,0.07,18.31,1.18,jja,238.09,3.85,son
DE211010,2.12,0.33,0.07,17.88,1.18,jja,236.94,3.85,son
DE211030,2.22,0.33,0.05,18.22,1.18,jja,237.77,3.85,son
DE211040,1.85,0.14,0.07,18.35,1.18,jja,243.75,3.85,son
DE211050,1.91,0.12,0.07,17.86,1.18,jja,241.32,3.86,son
DE211060,1.94,0.14,0.06,16.89,1.18,jja,238.99,3.86,son
DE211070,1.92,0.19,0.07,16.7,1.18,jja,236.28,3.86,son
DE211080,2.01,0.2,0.07,16.32,1.18,jja,231.29,3.86,son
DE211090,2.05,0.2,0.06,16.37,1.18,jja,231.59,3.86,son
DE211100,1.98,0.12,0.07,17.91,1.18,jja,240.64,3.86,son
DE211110,2.22,0.23,0.08,17.95,1.18,jja,234.65,3.86,son
DE211120,2.07,0.22,0.08,17.38,1.18,jja,232.89,3.86,son
DE211130,2.25,0.14,0.09,17.76,1.18,jja,234.6,3.86,son
DE211150,2.33,0.09,0.1,17.25,1.18,jja,230.77,3.87,son
DE211160,2.18,0.14,0.09,17.2,1.18,jja,232.56,3.87,son
DE211250,2.25,0.16,0.12,17.89,1.18,jja,234.07,3.87,son
DE211260,2.71,-0.04,0.15,17.55,1.18,djf,222.34,3.87,mam
DE211270,2.2,0.12,0.09,19.55,1.18,jja,242.23,3.87,mam
DE211280,2.07,0.14,0.08,18.64,1.18,jja,243.86,3.87,mam
DE211290,2.48,0.0,0.11,16.88,1.18,jja,224.89,3.87,mam
DE211310,2.11,0.13,0.09,16.86,1.18,jja,231.22,3.87,son
DE211320,2.09,0.09,0.09,17.42,1.18,jja,235.84,3.87,son
DE211450,2.32,0.12,0.12,17.0,1.18,jja,227.72,3.87,son
DE211460,2.16,0.08,0.08,17.35,1.18,jja,235.28,3.87,son
DE211470,2.11,0.11,0.08,16.83,1.18,jja,234.67,3.88,son
DE211490,2.14,0.1,0.08,16.98,1.18,jja,231.79,3.88,son
DE211500,2.19,0.07,0.08,17.7,1.18,jja,235.84,3.88,son
DE211510,2.32,0.06,0.1,17.34,1.18,jja,230.52,3.88,son
DE211580,3.09,0.1,0.14,16.59,1.18,jja,215.7,3.88,son
DE211620,3.2,0.06,0.15,17.36,1.18,jja,215.84,3.88,son
DE211700,2.47,0.23,0.1,17.8,1.18,jja,230.2,3.88,son
DE211720,2.2,0.24,0.1,17.91,1.18,jja,234.74,3.88,son
DE211730,2.16,0.25,0.1,18.05,1.18,jja,236.15,3.88,son
DE211740,1.97,0.23,0.07,19.49,1.18,jja,244.03,3.88,mam
DE211760,2.0,0.31,0.07,18.77,1.18,jja,240.41,3.89,son
DE211770,2.05,0.27,0.07,19.08,1.18,jja,241.62,3.89,son
DE211780,2.02,0.3,0.07,19.08,1.18,jja,243.27,3.89,mam
DE211790,1.99,0.26,0.06,19.05,1.18,jja,243.32,3.89,son
DE211800,3.37,0.02,0.15,18.34,1.18,jja,222.75,3.89,son
DE211940,2.16,0.28,0.07,18.37,1.18,jja,239.57,3.89,son
DE212130,3.67,0.54,0.07,17.78,1.18,jja,214.43,3.89,son
DE212290,4.36,0.45,0.16,16.13,1.18,jja,204.0,3.89,son
DE212300,3.71,0.46,0.1,16.82,1.18,jja,212.16,3.88,son
DE212310,3.53,0.49,0.09,17.0,1.18,jja,213.16,3.88,son
DE212320,2.91,0.48,0.07,18.41,1.18,jja,224.22,3.88,son
DE212330,2.84,0.5,0.07,17.49,1.18,jja,219.1,3.88,son
DE212340,2.84,0.44,0.08,18.17,1.18,jja,226.8,3.88,son
DE212350,2.82,0.44,0.08,18.25,1.18,jja,226.72,3.88,son
DE212370,2.71,0.44,0.06,18.35,1.18,jja,228.89,3.88,son
DE212380,2.51,0.41,0.07,17.97,1.18,jja,230.63,3.88,son
DE212390,3.15,0.49,0.07,17.39,1.18,jja,217.93,3.88,son
DE212400,3.16,0.46,0.06,17.14,1.18,jja,216.07,3.88,son
DE212430,3.02,0.45,0.07,18.12,1.19,jja,222.78,3.88,son
DE212440,3.19,0.43,0.07,17.71,1.19,jja,218.22,3.88,son
DE212450,2.36,0.37,0.05,19.7,1.19,jja,241.73,3.88,son
DE212460,2.38,0.4,0.06,17.97,1.19,jja,234.25,3.88,son
DE212470,2.68,0.43,0.07,17.9,1.19,jja,228.01,3.88,son
DE212500,2.39,0.41,0.06,18.68,1.19,jja,235.88,3.88,son
DE212530,2.17,0.28,0.07,18.44,1.19,jja,239.57,3.88,son
DE212540,1.98,0.32,0.07,18.98,1.19,jja,243.76,3.88,son
DE212550,3.16,0.04,0.13,18.13,1.19,jja,222.32,3.88,son
DE212560,2.3,0.35,0.06,18.26,1.19,jja,234.51,3.88,son
DE212570,2.27,0.36,0.07,17.93,1.19,jja,233.45,3.88,son
DE212580,2.23,0.35,0.07,17.52,1.19,jja,231.07,3.88,son
DE212590,2.33,0.37,0.07,18.64,1.19,jja,233.84,3.88,son
DE212600,2.28,0.34,0.06,18.64,1.19,jja,237.85,3.88,son
DE212610,2.24,0.35,0.07,18.64,1.19,jja,239.98,3.88,son
DE212620,2.06,0.3,0.07,18.95,1.19,jja,239.8,3.88,son
DE212640,2.29,0.3,0.08,18.36,1.19,jja,236.94,3.89,son
DE212650,2.8,0.07,0.1,18.19,1.19,jja,224.25,3.89,son
DE212680,3.61,0.01,0.23,17.38,1.19,jja,209.58,3.88,son
DE212690,3.28,0.05,0.2,17.15,1.19,jja,212.57,3.88,son
DE212710,3.04,0.09,0.15,17.06,1.19,jja,218.23,3.88,son
DE212760,3.09,0.09,0.14,18.06,1.19,jja,217.83,3.88,son
DE212870,4.41,0.34,0.19,14.94,1.19,jja,201.32,3.88,son
DE212890,4.6,0.44,0.13,15.87,1.19,jja,202.41,3.88,son
DE212900,3.58,0.46,0.07,17.22,1.19,jja,213.58,3.88,son
DE212980,5.23,0.28,0.21,14.97,1.19,jja,197.87,3.88,son
DE213010,4.47,0.32,0.14,15.83,1.19,jja,204.13,3.87,son
DE213050,3.11,0.4,0.07,17.27,1.19,jja,220.47,3.87,son
DE213060,3.07,0.42,0.07,16.83,1.19,jja,218.87,3.87,son
DE213100,3.53,0.35,0.09,17.32,1.19,jja,211.92,3.87,son
DE213110,3.75,0.34,0.1,16.81,1.19,jja,211.36,3.87,son
DE213130,3.08,0.45,0.06,17.51,1.19,jja,219.94,3.87,son
DE213140,2.92,0.42,0.07,17.43,1.19,jja,223.97,3.87,son
DE213150,2.91,0.43,0.07,17.2,1.19,jja,222.65,3.87,son
DE213170,2.49,0.39,0.07,17.71,1.19,jja,228.77,3.87,son
DE213180,2.67,0.34,0.08,18.53,1.19,jja,228.32,3.87,son
DE213310,4.73,0.29,0.18,15.47,1.19,jja,199.15,3.87,son
DE213360,4.78,0.26,0.15,15.7,1.19,jja,199.94,3.87,son
DE213450,4.57,0.25,0.12,16.59,1.19,jja,204.22,3.86,son
DE213460,4.13,0.25,0.1,16.96,1.19,jja,208.46,3.86,son
DE213470,4.03,0.27,0.08,17.13,1.19,jja,208.93,3.86,son
DE213480,3.81,0.31,0.07,17.01,1.19,jja,209.05,3.86,son
DE213490,4.37,0.23,0.12,17.16,1.19,jja,206.88,3.86,son
DE213500,3.77,0.3,0.05,17.61,1.19,jja,212.57,3.86,son
DE213510,3.29,0.36,0.06,17.43,1.19,jja,216.93,3.86,son
DE213520,2.66,0.34,0.07,18.09,1.19,jja,228.16,3.86,son
DE213530,2.33,0.35,0.06,18.35,1.19,jja,235.77,3.86,son
DE213540,2.29,0.36,0.07,18.38,1.19,jja,234.01,3.86,son
DE213550,2.3,0.34,0.06,18.38,1.19,jja,233.67,3.86,son
DE213560,2.31,0.36,0.07,18.09,1.19,jja,232.55,3.86,son
DE213570,2.32,0.35,0.07,17.96,1.19,jja,230.74,3.86,son
DE213580,2.26,0.35,0.07,18.72,1.19,jja,237.64,3.86,son
DE213590,2.24,0.34,0.06,18.79,1.19,jja,238.95,3.86,son
DE213600,2.24,0.34,0.06,18.5,1.19,jja,238.89,3.86,son
DE213620,2.59,0.31,0.06,18.08,1.19,jja,231.35,3.86,son
DE213630,2.82,0.23,0.09,18.5,1.19,jja,226.72,3.86,son
DE213640,3.2,0.1,0.14,17.94,1.19,jja,218.58,3.86,son
DE213670,5.03,0.23,0.12,15.8,1.19,jja,202.44,3.86,son
DE213680,5.06,0.18,0.15,15.33,1.19,jja,197.19,3.86,son
DE213690,2.38,0.07,0.09,16.38,1.19,jja,224.98,3.86,mam
DE213700,2.41,0.04,0.1,15.65,1.19,jja,218.47,3.86,son
DE213710,2.23,0.07,0.08,15.7,1.19,jja,221.89,3.86,mam
DE213720,2.16,0.08,0.07,14.71,1.19,son,220.67,3.86,mam
DE213730,2.1,0.11,0.07,15.03,1.19,jja,220.94,3.86,son
DE213740,2.08,0.09,0.05,14.97,1.19,son,223.18,3.86,mam
DE213770,3.03,0.05,0.17,15.84,1.19,jja,204.28,3.86,mam
DE213780,2.52,0.07,0.11,16.76,1.19,jja,223.58,3.86,son
DE213800,2.09,0.15,0.07,17.42,1.19,jja,234.53,3.86,son
DE213820,2.53,0.03,0.11,16.92,1.19,jja,223.21,3.86,mam
DE213830,2.56,0.02,0.1,17.15,1.19,jja,223.93,3.86,mam
DE213840,2.54,0.05,0.11,17.38,1.19,jja,225.28,3.86,mam
DE213850,2.67,-0.0,0.13,16.89,1.19,jja,220.0,3.86,son
DE213860,2.57,0.02,0.12,16.65,1.19,jja,221.67,3.86,son
DE213870,2.16,0.06,0.09,18.34,1.19,jja,239.27,3.87,mam
DE213880,2.13,0.07,0.09,18.14,1.19,jja,238.2,3.87,mam
DE213890,2.28,0.09,0.1,16.84,1.19,jja,227.47,3.87,
DE213900,2.2,0.09,0.09,16.74,1.19,jja,228.74,3.87,son
DE213910,2.14,0.08,0.09,17.56,1.19,jja,233.84,3.87,mam
DE213920,2.87,0.05,0.15,16.49,1.19,jja,218.92,3.87,mam
DE213930,2.27,0.05,0.09,17.42,1.19,jja,228.67,3.87,son
DE213940,2.68,-0.0,0.15,16.84,1.19,jja,218.65,3.87,mam
DE213950,2.83,-0.06,0.12,16.23,1.19,jja,214.59,3.87,mam
DE213960,2.79,-0.04,0.13,16.42,1.19,jja,216.55,3.87,mam
DE213970,2.62,-0.01,0.12,16.09,1.19,jja,216.61,3.87,mam
DE214000,2.79,-0.06,0.15,16.98,1.19,jja,217.23,3.87,mam
DE214010,2.81,-0.04,0.15,16.93,1.19,jja,217.13,3.87,mam
DE214020,2.8,-0.02,0.14,16.52,1.19,jja,216.38,3.87,mam
DE214030,2.81,-0.08,0.15,17.15,1.19,djf,217.03,3.87,mam
DE214040,2.96,-0.12,0.14,17.69,1.19,djf,218.33,3.87,mam
DE214050,2.67,-0.04,0.13,16.67,1.19,jja,213.78,3.87,mam
DE214060,2.74,-0.06,0.14,17.33,1.19,djf,219.26,3.87,mam
DE214070,2.93,-0.12,0.12,17.35,1.19,djf,216.52,3.87,mam
DE214080,2.88,-0.12,0.12,17.52,1.19,djf,217.93,3.87,mam
DE214090,2.39,0.01,0.1,17.28,1.19,jja,225.44,3.87,mam
DE214100,2.08,0.07,0.07,17.29,1.19,jja,232.38,3.87,mam
DE214110,2.42,-0.02,0.09,17.97,1.19,jja,229.96,3.87,mam
DE214120,2.35,0.0,0.08,17.9,1.19,jja,234.27,3.87,mam
DE214130,2.33,0.01,0.08,18.0,1.19,jja,232.61,3.87,mam
DE214140,2.07,0.06,0.06,18.35,1.19,jja,237.77,3.87,mam
DE214150,1.91,0.14,0.06,18.73,1.19,jja,246.68,3.87,mam
DE214160,1.89,0.12,0.06,17.72,1.19,jja,238.96,3.88,mam
DE214170,1.81,0.13,0.06,17.43,1.19,jja,231.46,3.88,son
DE214190,1.82,0.11,0.06,17.56,1.19,jja,228.6,3.88,mam
DE214200,1.88,0.12,0.06,18.22,1.19,jja,240.65,3.88,son
DE214210,1.85,0.11,0.06,18.78,1.19,jja,245.39,3.88,mam
DE214220,2.07,0.15,0.07,16.2,1.19,jja,228.52,3.88,son
DE214230,2.06,0.14,0.07,15.7,1.19,jja,226.12,3.88,son
DE214240,1.95,0.2,0.06,16.92,1.19,jja,237.25,3.88,son
DE214250,1.98,0.21,0.07,16.68,1.19,jja,233.13,3.88,son
DE214260,1.8,0.1,0.05,20.5,1.19,jja,256.34,3.88,mam
DE214270,1.88,0.11,0.06,17.98,1.19,jja,243.31,3.88,mam
DE214280,1.91,0.16,0.07,17.99,1.19,jja,241.07,3.88,son
DE214290,1.9,0.17,0.07,17.6,1.19,jja,239.83,3.89,son
DE214310,1.94,0.27,0.06,19.31,1.19,jja,246.25,3.89,son
DE214320,1.98,0.24,0.06,17.68,1.19,jja,231.51,3.89,mam
DE214330,1.95,0.23,0.06,18.24,1.19,jja,241.6,3.89,son
DE214340,2.05,0.23,0.07,18.25,1.19,jja,238.87,3.89,son
DE214350,2.03,0.23,0.06,17.9,1.19,jja,240.93,3.89,son
DE214360,1.88,0.2,0.06,18.21,1.19,jja,244.04,3.89,son
DE214370,2.41,0.09,0.09,16.67,1.19,jja,221.67,3.89,son
DE214380,2.31,0.13,0.08,16.54,1.19,jja,219.12,3.89,son
DE214400,1.81,0.16,0.06,18.1,1.19,jja,248.59,3.89,mam
DE214410,1.71,0.22,0.05,18.34,1.19,jja,254.31,3.89,mam
DE214420,1.86,0.17,0.06,17.82,1.19,jja,245.98,3.89,mam
DE214430,2.27,0.02,0.08,18.0,1.19,jja,239.39,3.89,mam
DE214440,2.36,0.02,0.08,18.0,1.19,jja,233.29,3.9,mam
DE214450,2.42,0.02,0.09,17.35,1.19,jja,228.55,3.9,son
DE214460,2.47,0.01,0.09,17.31,1.18,jja,227.36,3.9,son
DE214470,2.37,0.07,0.08,16.78,1.18,jja,226.61,3.9,son
DE214480,2.42,0.03,0.09,17.57,1.18,jja,229.28,3.9,son
DE214490,2.72,-0.05,0.1,16.86,1.18,djf,225.85,3.9,mam
DE214500,2.28,0.12,0.07,18.48,1.18,jja,234.28,3.9,son
DE214510,1.85,0.17,0.06,18.16,1.18,jja,245.35,3.9,mam
DE214520,1.85,0.17,0.06,17.71,1.18,jja,243.79,3.9,son
DE214530,1.85,0.16,0.06,17.78,1.18,jja,244.39,3.9,mam
DE214540,2.0,0.17,0.05,18.55,1.18,jja,242.27,3.9,son
DE214550,1.92,0.15,0.06,18.14,1.18,jja,244.21,3.9,mam
DE214560,1.92,0.14,0.06,17.94,1.18,jja,243.47,3.9,son
DE214570,2.37,0.06,0.08,17.07,1.18,jja,224.83,3.9,mam
DE214580,2.21,0.11,0.07,17.65,1.18,jja,232.99,3.91,mam
DE214590,2.32,0.03,0.09,17.38,1.18,jja,227.41,3.91,son
DE214600,2.2,0.07,0.07,17.67,1.18,jja,237.7,3.91,mam
DE214610,2.33,0.02,0.09,16.91,1.18,jja,228.09,3.91,son
DE214630,2.48,-0.01,0.09,17.67,1.18,jja,229.54,3.91,son
DE214640,2.51,0.02,0.09,17.56,1.18,jja,230.3,3.91,mam
DE214650,2.58,-0.03,0.1,17.09,1.18,jja,221.56,3.91,mam
DE214660,1.77,0.14,0.05,18.33,1.18,jja,247.94,3.91,mam
DE214670,1.77,0.19,0.06,17.47,1.18,jja,239.15,3.91,son
DE214680,1.84,0.15,0.05,17.65,1.18,jja,242.68,3.91,mam
DE214690,1.85,0.17,0.06,17.43,1.18,jja,240.41,3.91,son
DE214700,1.73,0.11,0.05,17.8,1.18,jja,252.03,3.91,mam
DE214710,1.95,0.12,0.06,18.0,1.18,jja,242.37,3.91,mam
DE214720,1.91,0.12,0.06,18.0,1.18,jja,239.61,3.91,son
DE214730,2.12,0.05,0.06,18.18,1.18,jja,238.29,3.91,mam
DE214740,2.02,0.09,0.06,17.68,1.18,jja,238.81,3.92,mam
DE214750,1.87,0.09,0.05,18.8,1.18,jja,246.62,3.92,mam
DE214760,1.98,0.15,0.06,17.75,1.18,jja,242.99,3.92,mam
DE214770,1.85,0.18,0.05,17.77,1.18,jja,244.18,3.92,mam
DE214780,1.92,0.14,0.04,17.43,1.18,jja,241.41,3.92,mam
DE214790,1.81,0.2,0.04,18.18,1.18,jja,246.31,3.92,mam
DE214800,1.8,0.2,0.04,17.43,1.18,jja,246.49,3.92,mam
DE214810,1.67,0.14,0.04,19.25,1.18,jja,251.31,3.92,mam
DE214830,1.76,0.08,0.05,18.29,1.18,jja,246.96,3.92,mam
DE214840,1.78,0.07,0.04,18.33,1.18,jja,245.16,3.92,mam
DE214850,1.72,0.16,0.05,19.0,1.18,jja,249.73,3.92,mam
DE214860,1.98,0.04,0.08,17.35,1.18,jja,232.34,3.92,son
DE214880,1.97,0.05,0.07,17.06,1.18,jja,233.18,3.93,son
DE214890,2.0,0.04,0.07,16.87,1.18,jja,231.63,3.93,son
DE214900,1.81,0.12,0.06,17.7,1.18,jja,242.38,3.93,mam
DE214910,2.44,-0.05,0.12,16.46,1.18,jja,223.72,3.93,mam
DE214920,2.04,-0.01,0.09,17.81,1.18,jja,234.74,3.93,son
DE214930,2.13,-0.09,0.09,17.61,1.18,djf,232.88,3.93,mam
DE214940,2.09,-0.09,0.09,18.48,1.18,djf,238.76,3.93,mam
DE214950,2.85,-0.12,0.13,17.44,1.18,djf,221.48,3.93,mam
DE214960,2.54,-0.09,0.11,16.95,1.18,djf,222.48,3.93,son
DE214970,1.81,0.1,0.06,19.28,1.18,jja,248.07,3.93,mam
DE214980,2.26,-0.03,0.07,17.82,1.18,jja,230.3,3.93,mam
DE214990,2.2,-0.03,0.07,18.6,1.18,jja,232.89,3.93,mam
DE215010,2.75,-0.05,0.12,16.15,1.18,djf,216.57,3.93,son
DE215020,2.55,-0.03,0.09,16.35,1.18,jja,218.87,3.93,son
DE215030,2.53,-0.06,0.08,16.49,1.18,djf,220.95,3.93,son
DE215040,2.87,-0.11,0.07,16.93,1.18,djf,220.6,3.93,jja
DE215050,2.84,-0.09,0.07,16.91,1.18,djf,219.49,3.93,son
DE215060,2.61,-0.13,0.07,17.8,1.18,djf,225.64,3.93,jja
DE215080,1.8,0.1,0.04,18.81,1.18,jja,247.52,3.93,mam
DE215090,2.13,0.06,0.07,17.45,1.18,jja,235.64,3.93,son
DE215100,1.78,0.2,0.05,17.86,1.18,jja,246.72,3.93,son
DE215110,2.02,0.04,0.05,17.98,1.18,jja,238.05,3.93,son
DE215120,2.3,-0.02,0.06,17.99,1.18,djf,230.64,3.94,son
DE215140,2.53,-0.02,0.06,18.03,1.18,jja,226.51,3.94,mam
DE215150,2.39,0.06,0.06,17.19,1.18,jja,225.65,3.94,son
DE215160,2.5,0.02,0.05,17.36,1.18,jja,228.23,3.94,son
DE215170,2.61,-0.03,0.05,17.58,1.18,jja,226.64,3.94,mam
DE215180,2.44,0.03,0.04,17.35,1.18,jja,228.25,3.94,mam
DE215190,2.68,0.05,0.15,16.51,1.18,jja,218.06,3.94,son
DE215220,2.41,0.03,0.14,17.54,1.18,jja,229.12,3.94,mam
DE215240,2.34,0.02,0.13,18.25,1.18,jja,233.88,3.94,mam
DE215270,2.58,0.04,0.11,17.35,1.18,jja,225.79,3.94,mam
DE215280,2.33,0.08,0.12,16.33,1.18,jja,218.16,3.94,son
DE215340,2.49,0.02,0.13,16.3,1.18,jja,212.73,3.94,son
DE410020,1.51,0.25,0.06,17.14,1.18,jja,241.92,3.94,mam
DE410030,1.57,0.21,0.08,16.16,1.18,jja,227.1,3.94,mam
DE410130,1.72,0.21,0.05,15.96,1.18,jja,220.8,3.94,mam
DE410140,1.81,0.22,0.05,17.87,1.18,jja,246.66,3.94,mam
DE410150,1.62,0.18,0.05,16.18,1.18,jja,222.1,3.94,mam
DE410160,1.94,0.19,0.06,16.27,1.18,jja,223.9,3.94,mam
DE410170,1.94,0.19,0.06,16.29,1.18,jja,224.89,3.94,mam
DE410180,1.87,0.21,0.06,16.27,1.18,jja,219.24,3.94,mam
DE410210,1.6,0.22,0.06,17.05,1.18,jja,244.35,3.94,mam
DE410230,1.56,0.23,0.06,17.81,1.18,jja,254.1,3.94,mam
DE410260,1.6,0.18,0.05,17.44,1.18,jja,247.09,3.94,mam
DE410610,1.52,0.24,0.06,16.83,1.18,jja,247.71,3.95,mam
DE410730,1.58,0.19,0.06,18.83,1.18,jja,255.97,3.95,mam
DE410790,1.71,0.22,0.05,16.33,1.18,jja,226.39,3.95,mam
DE410800,1.66,0.16,0.04,15.69,1.18,jja,218.42,3.95,mam
DE410810,1.57,0.22,0.06,17.14,1.18,jja,252.61,3.95,mam
DE410820,1.57,0.18,0.05,15.41,1.18,jja,224.27,3.95,mam
DE410830,1.58,0.22,0.06,16.98,1.18,jja,244.43,3.95,mam
DE410860,1.57,0.21,0.05,17.41,1.18,jja,252.8,3.95,mam
DE410910,1.61,0.25,0.05,17.16,1.18,jja,244.34,3.95,mam
DE410970,1.56,0.24,0.05,17.64,1.18,jja,252.65,3.95,mam
DE411020,1.49,0.23,0.05,16.86,1.18,jja,236.77,3.95,mam
DE411040,1.46,0.26,0.05,15.78,1.18,jja,222.93,3.95,mam
DE411060,1.55,0.21,0.05,17.12,1.18,jja,241.36,3.96,mam
DE411100,1.55,0.28,0.05,16.54,1.18,jja,229.78,3.96,mam
DE411150,1.43,0.23,0.04,15.54,1.18,jja,222.17,3.96,mam
DE411170,1.6,0.25,0.05,15.69,1.18,jja,221.11,3.96,mam
DE411180,1.69,0.23,0.05,15.72,1.18,jja,229.61,3.96,mam
DE411200,1.48,0.21,0.05,17.79,1.18,jja,255.45,3.96,mam
DE411220,1.5,0.23,0.06,17.18,1.18,jja,253.74,3.96,mam
DE411230,1.49,0.24,0.05,17.71,1.18,jja,256.86,3.96,mam
DE411240,1.51,0.23,0.06,17.18,1.18,jja,253.64,3.96,mam
DE411270,1.54,0.31,0.05,19.19,1.18,jja,264.23,3.96,mam
DE411280,1.62,0.15,0.06,17.32,1.18,jja,238.51,3.96,mam
DE411290,1.57,0.17,0.06,17.88,1.18,jja,253.92,3.97,mam
DE411300,1.57,0.17,0.06,17.71,1.18,jja,254.01,3.97,mam
DE411310,1.67,0.07,0.07,18.6,1.18,jja,249.99,3.97,son
DE411320,1.56,0.18,0.06,17.76,1.18,jja,253.13,3.97,mam
DE411340,1.54,0.22,0.05,16.72,1.18,jja,253.07,3.97,son
DE411350,1.55,0.25,0.05,17.71,1.18,jja,255.69,3.97,mam
DE411390,1.56,0.16,0.07,17.91,1.18,jja,251.36,3.97,son
DE411400,1.57,0.19,0.06,17.88,1.18,jja,252.71,3.97,mam
DE411410,1.61,0.2,0.05,17.68,1.18,jja,253.32,3.97,mam
DE411440,1.53,0.26,0.05,17.3,1.18,jja,253.98,3.97,mam
DE411720,1.66,0.24,0.04,18.47,1.18,jja,252.3,3.97,mam
DE411730,1.6,0.12,0.05,17.9,1.18,jja,249.22,3.97,mam
DE411750,1.59,0.15,0.05,17.7,1.18,jja,250.62,3.97,mam
DE411760,1.56,0.12,0.05,17.23,1.18,jja,232.09,3.97,mam
DE411770,1.66,0.14,0.04,18.41,1.18,jja,248.59,3.97,mam
DE411790,1.68,0.2,0.04,17.2,1.18,jja,246.9,3.98,mam
DE411810,1.61,0.11,0.05,18.79,1.18,jja,251.88,3.98,mam
DE411850,1.61,0.14,0.03,17.67,1.18,jja,253.02,3.98,mam
DE411920,1.66,0.2,0.04,18.46,1.18,jja,252.77,3.98,mam
DE411940,1.62,0.16,0.05,16.0,1.18,jja,226.04,3.98,mam
DE411970,1.69,0.18,0.04,18.25,1.18,jja,246.65,3.98,mam
DE412000,1.66,0.14,0.05,17.74,1.18,jja,245.56,3.98,mam
DE412010,1.7,0.19,0.04,17.64,1.18,jja,246.24,3.98,mam
DE412020,1.67,0.2,0.04,19.4,1.18,jja,250.88,3.98,mam
DE412050,1.65,0.12,0.05,18.3,1.18,jja,248.39,3.98,mam
DE412060,1.72,0.16,0.04,18.29,1.18,jja,248.95,3.98,mam
DE412070,1.7,0.17,0.05,17.43,1.18,jja,247.25,3.98,mam
DE412080,1.69,0.17,0.04,18.82,1.18,jja,249.19,3.98,mam
DE412090,1.7,0.17,0.05,16.84,1.18,jja,236.53,3.98,mam
DE412200,1.77,0.21,0.06,17.81,1.18,jja,248.13,3.98,mam
DE412210,1.77,0.23,0.06,17.86,1.18,jja,248.76,3.98,mam
DE412220,1.69,0.22,0.06,18.31,1.18,jja,250.58,3.98,mam
DE412230,1.7,0.19,0.07,16.58,1.18,jja,227.55,3.98,mam
DE412240,1.73,0.21,0.06,16.61,1.18,jja,239.8,3.98,mam
DE412260,1.66,0.16,0.05,17.98,1.18,jja,251.27,3.98,mam
DE412270,1.49,0.29,0.04,18.32,1.18,jja,256.76,3.98,mam
DE412310,1.51,0.26,0.05,17.67,1.18,jja,254.87,3.98,mam
DE412320,1.49,0.23,0.05,17.33,1.18,jja,255.49,3.98,mam
DE710000,2.18,0.09,0.06,16.56,1.18,jja,227.86,3.98,mam
DE710010,2.0,0.11,0.06,16.73,1.18,jja,238.59,3.99,mam
DE710020,2.07,0.11,0.05,16.61,1.18,jja,235.64,3.99,son
DE710030,2.5,-0.1,0.06,16.35,1.18,djf,219.42,3.99,mam
DE710040,3.06,-0.15,0.1,15.1,1.18,djf,205.89,3.99,mam
DE710050,2.14,0.06,0.06,15.58,1.18,jja,226.15,3.99,son
DE710060,1.98,0.08,0.05,17.56,1.18,jja,238.08,3.99,mam
DE710070,2.61,-0.1,0.07,17.69,1.18,djf,225.59,3.99,mam
DE710080,2.68,-0.08,0.06,17.56,1.18,djf,225.25,3.99,mam
DE710090,2.0,0.12,0.04,16.56,1.18,jja,232.82,3.99,mam
DE710100,1.93,0.09,0.06,17.08,1.18,jja,235.08,3.99,mam
DE710110,2.59,0.04,0.05,18.04,1.18,jja,229.23,3.99,mam
DE710120,2.85,-0.12,0.08,15.97,1.18,djf,213.83,3.99,mam
DE710130,2.2,0.06,0.07,16.14,1.18,jja,226.06,3.99,mam
DE710150,1.9,0.09,0.06,16.91,1.18,jja,235.41,3.99,mam
DE710160,2.71,-0.11,0.07,16.77,1.18,djf,220.4,3.99,mam
DE710170,1.84,0.12,0.04,17.48,1.18,jja,240.04,3.99,son
DE710180,2.41,0.04,0.05,17.42,1.18,jja,230.16,3.99,mam
DE710190,2.47,-0.07,0.1,16.0,1.18,djf,216.91,3.99,mam
DE710200,2.81,-0.1,0.08,15.46,1.18,djf,212.94,3.99,mam
DE710210,2.94,-0.16,0.07,16.52,1.18,djf,214.55,3.99,jja
DE710220,2.41,-0.07,0.05,17.63,1.18,djf,230.74,3.99,mam
DE710230,2.34,0.11,0.04,17.5,1.18,jja,223.82,3.99,son
DE710240,1.89,0.18,0.06,16.5,1.18,jja,235.11,3.99,son
DE710250,2.92,-0.04,0.08,16.46,1.18,jja,220.08,3.99,jja
DE710260,2.18,0.05,0.06,17.22,1.18,jja,223.42,3.99,son
DE710270,2.16,0.09,0.06,16.74,1.18,jja,230.48,3.99,son
DE710280,2.4,-0.08,0.05,18.27,1.18,djf,229.64,3.99,jja
DE710290,2.87,-0.01,0.06,17.47,1.18,jja,221.78,3.99,son
DE710300,2.59,0.04,0.07,17.42,1.18,jja,226.42,3.99,mam
DE710310,1.93,0.09,0.05,18.14,1.18,jja,240.23,3.99,son
DE710320,2.37,-0.06,0.08,14.8,1.18,djf,215.91,3.99,mam
DE710330,2.5,-0.03,0.05,17.55,1.18,djf,226.76,3.99,mam
DE710340,1.98,0.08,0.07,16.72,1.18,jja,233.68,3.99,mam
DE710350,2.6,-0.03,0.04,18.15,1.18,jja,228.59,3.99,jja
DE710360,2.0,0.12,0.05,16.85,1.18,jja,238.01,3.99,mam
DE710370,2.58,0.05,0.13,15.16,1.18,jja,216.18,3.99,son
DE710380,2.86,-0.11,0.07,15.92,1.18,djf,214.31,3.99,jja
DE710390,2.42,0.06,0.05,17.94,1.18,jja,231.62,3.99,mam
DE710400,2.56,-0.02,0.05,18.1,1.18,jja,225.0,3.99,son
DE710410,2.43,0.02,0.05,16.35,1.18,jja,224.01,3.99,son
DE710420,2.19,0.06,0.03,17.8,1.18,jja,232.88,3.99,son
DE710430,1.93,0.18,0.06,16.44,1.18,jja,235.69,3.99,son
DE710440,2.08,0.11,0.06,14.95,1.18,jja,215.62,3.99,son
DE710450,2.38,0.09,0.08,15.05,1.18,jja,218.9,3.99,son
DE710460,2.21,-0.03,0.06,17.55,1.18,jja,230.15,3.99,mam
DE710470,2.01,0.16,0.06,16.03,1.18,jja,229.08,3.99,son
DE710490,2.78,0.0,0.13,16.56,1.18,jja,217.85,3.99,mam
DE710500,2.14,0.12,0.06,16.61,1.18,jja,230.67,3.99,mam
DE710510,2.05,0.12,0.06,16.5,1.18,jja,232.67,3.99,mam
DE710520,2.02,0.12,0.05,16.92,1.18,jja,234.22,3.99,mam
DE710530,1.93,0.13,0.04,17.05,1.18,jja,235.31,3.99,son
DE710540,2.6,-0.07,0.06,17.18,1.18,djf,224.61,3.99,mam
DE710550,2.35,0.05,0.07,16.26,1.18,jja,222.41,3.99,son
DE710560,2.65,0.01,0.05,17.39,1.18,jja,225.2,3.99,son
DE710570,2.03,0.08,0.06,16.74,1.18,jja,233.3,3.99,mam
DE710580,2.03,0.05,0.05,18.1,1.18,jja,238.11,3.99,mam
DE710590,2.06,0.08,0.05,17.81,1.18,jja,238.5,3.99,mam
DE710600,2.4,0.1,0.04,17.06,1.18,jja,227.62,3.99,son
DE710610,2.47,-0.07,0.07,17.85,1.18,djf,227.88,3.99,jja
DE710620,2.21,0.02,0.06,16.08,1.18,jja,223.81,3.99,mam
DE710630,2.08,-0.0,0.06,16.0,1.18,jja,209.63,3.99,son
DE710640,2.15,0.15,0.06,16.71,1.18,jja,230.24,3.99,mam
DE710650,2.09,0.05,0.06,17.32,1.18,jja,234.35,3.99,son
DE710660,2.8,-0.08,0.06,17.97,1.18,djf,223.11,3.99,son
DE710670,2.05,0.09,0.04,17.93,1.18,jja,237.28,4.0,mam
DE710680,1.9,0.11,0.04,18.0,1.18,jja,240.1,4.0,mam
DE710690,1.78,0.15,0.03,18.86,1.18,jja,248.55,4.0,son
DE710700,2.1,0.11,0.07,15.97,1.18,jja,227.56,4.0,son
DE710710,1.9,0.14,0.05,16.98,1.18,jja,237.48,4.0,son
DE710720,2.04,0.12,0.04,16.27,1.18,jja,225.74,4.0,mam
DE710730,1.92,0.11,0.05,17.03,1.18,jja,240.05,4.0,mam
DE710740,2.05,-0.02,0.05,17.0,1.18,jja,235.77,4.0,jja
DE710750,2.02,-0.02,0.04,19.24,1.18,,243.3,4.0,mam
DE710760,2.17,-0.09,0.04,19.88,1.18,djf,244.48,4.0,mam
DE710770,1.94,0.17,0.05,16.58,1.18,jja,235.7,4.0,mam
DE710780,2.34,0.07,0.06,16.97,1.18,jja,229.24,4.0,mam
DE710790,1.93,0.11,0.06,16.53,1.18,jja,227.91,4.0,son
DE710800,2.27,0.09,0.09,15.13,1.18,jja,221.07,4.0,son
DE710810,2.91,-0.04,0.09,17.2,1.18,jja,222.06,4.0,jja
DE710820,2.27,0.08,0.08,15.89,1.18,jja,217.18,4.0,son
DE710830,1.94,0.13,0.05,16.67,1.18,jja,238.21,4.0,son
DE710840,2.41,0.02,0.07,17.04,1.18,jja,225.66,4.0,mam
DE710850,2.22,0.06,0.05,17.42,1.18,jja,232.4,4.0,mam
DE710860,3.17,-0.2,0.09,17.86,1.18,djf,216.1,4.0,jja
DE710870,3.0,-0.06,0.09,17.16,1.18,jja,220.8,4.0,jja
DE710890,2.19,0.13,0.06,16.24,1.18,jja,229.01,4.0,mam
DE710900,2.42,-0.03,0.06,17.19,1.18,jja,227.23,4.0,son
DE710910,3.12,-0.07,0.1,16.33,1.18,djf,216.44,4.0,jja
DE710920,2.5,0.03,0.06,16.83,1.18,jja,226.59,4.0,mam
DE710930,1.92,0.13,0.05,16.26,1.18,jja,235.15,4.0,son
DE710940,2.59,-0.06,0.05,17.58,1.18,,226.89,4.0,mam
DE710950,2.27,0.08,0.04,16.81,1.18,jja,229.71,4.0,mam
DE810010,1.77,0.14,0.04,16.72,1.18,jja,241.29,4.0,mam
DE810020,1.76,0.14,0.04,14.26,1.18,jja,205.71,4.0,mam
DE810030,1.84,0.16,0.04,17.31,1.18,jja,238.93,4.0,mam
DE810050,1.82,0.11,0.04,15.6,1.18,jja,220.97,4.0,mam
DE810060,1.76,0.15,0.04,10.25,1.18,jja,141.74,4.0,mam
DE810080,1.75,0.2,0.06,15.69,1.18,jja,213.41,4.0,jja
DE810090,1.8,0.12,0.04,18.63,1.18,jja,243.69,4.0,mam
DE810100,1.71,0.17,0.04,14.02,1.18,jja,195.28,4.0,mam
DE810110,1.66,0.22,0.04,10.56,1.18,jja,149.96,4.0,mam
DE810120,1.81,0.16,0.04,17.97,1.18,jja,244.01,4.0,mam
DE810130,1.64,0.15,0.05,15.11,1.18,jja,221.5,4.0,jja
DE810150,1.77,0.15,0.04,10.55,1.18,jja,139.32,4.0,mam
DE810160,1.78,0.2,0.04,18.38,1.18,jja,246.34,4.0,mam
DE810170,1.84,0.22,0.05,17.32,1.18,jja,238.92,4.0,mam
DE810180,1.84,0.21,0.04,17.0,1.18,jja,239.89,4.0,mam
DE810190,1.77,0.17,0.06,13.31,1.18,jja,183.34,4.0,mam
DE810210,1.78,0.19,0.04,13.9,1.18,jja,193.97,4.0,mam
DE810220,1.8,0.19,0.04,16.71,1.18,jja,242.36,4.0,mam
DE810230,1.77,0.3,0.05,17.6,1.18,jja,244.63,4.0,mam
DE810260,1.77,0.18,0.04,15.97,1.18,jja,221.72,4.0,mam
DE810280,1.76,0.17,0.05,14.5,1.18,jja,193.98,4.0,mam
DE810290,1.72,0.17,0.05,16.63,1.18,jja,240.33,4.0,mam
DE810300,1.73,0.16,0.05,17.02,1.18,jja,241.08,4.01,mam
DE810310,1.65,0.24,0.06,16.7,1.18,jja,243.22,4.01,
DE810320,1.7,0.17,0.05,17.0,1.18,jja,244.66,4.01,mam
DE810330,1.69,0.16,0.05,17.47,1.18,jja,245.37,4.01,mam
DE810340,1.68,0.16,0.05,17.2,1.18,jja,245.2,4.01,mam
DE810380,1.75,0.21,0.04,17.3,1.18,jja,243.03,4.01,mam
DE810390,1.74,0.27,0.04,16.16,1.18,jja,238.05,4.01,mam
DE810410,1.78,0.17,0.05,16.53,1.18,jja,225.71,4.01,mam
DE810420,1.82,0.21,0.04,15.2,1.18,jja,211.03,4.01,mam
DE810440,1.69,0.2,0.05,17.18,1.18,jja,243.87,4.01,mam
DE810450,1.69,0.16,0.05,16.63,1.18,jja,241.81,4.01,mam
DE810470,1.68,0.16,0.06,16.88,1.18,jja,230.97,4.01,mam
DE810490,1.7,0.14,0.05,15.09,1.18,jja,212.79,4.01,mam
DE810550,1.72,0.21,0.04,13.19,1.18,jja,187.72,4.01,mam
DE810570,1.66,0.18,0.06,17.64,1.18,jja,245.78,4.01,mam
DE810580,1.66,0.19,0.05,16.86,1.18,jja,244.57,4.01,mam
DE810590,1.64,0.2,0.05,17.05,1.18,jja,240.59,4.01,mam
DE810600,1.7,0.16,0.05,15.77,1.18,jja,232.42,4.01,mam
DE810610,1.79,0.16,0.05,15.06,1.18,jja,214.94,4.01,mam
DE810650,1.75,0.23,0.04,13.85,1.18,jja,192.16,4.01,jja
DE810660,1.8,0.23,0.04,14.64,1.18,jja,202.04,4.01,mam
DE810670,1.83,0.23,0.05,15.37,1.18,jja,213.24,4.01,mam
DE810680,1.78,0.14,0.08,17.0,1.18,jja,246.71,4.01,jja
DE810690,1.78,0.14,0.07,14.34,1.18,jja,203.38,4.01,mam
DE810700,1.82,0.17,0.06,15.79,1.18,jja,218.09,4.01,mam
DE810740,1.78,0.31,0.08,10.15,1.18,jja,145.67,4.01,mam
DE810770,1.76,0.19,0.04,17.74,1.18,jja,243.37,4.01,mam
DE810790,1.86,0.22,0.05,17.32,1.18,jja,241.92,4.01,mam
DE810800,1.84,0.22,0.04,16.73,1.18,jja,242.41,4.01,mam
DE810820,1.86,0.23,0.05,18.91,1.18,jja,245.5,4.01,mam
DE810830,1.83,0.17,0.05,17.08,1.18,jja,241.47,4.01,mam
DE810840,1.9,0.19,0.04,17.0,1.18,jja,243.23,4.01,mam
DE810870,1.79,0.2,0.05,17.32,1.18,jja,246.03,4.01,mam
DE810910,1.87,0.15,0.07,10.42,1.18,jja,138.86,4.01,mam
DE810920,1.81,0.16,0.07,17.98,1.18,jja,245.18,4.01,mam
DE810930,1.9,0.16,0.05,17.75,1.18,jja,243.4,4.01,mam
DE810940,1.62,0.16,0.06,19.22,1.18,jja,253.9,4.01,mam
DE810950,1.82,0.2,0.05,17.42,1.18,jja,246.92,4.01,mam
DE811040,1.67,0.17,0.07,18.24,1.18,jja,248.45,4.01,mam
DE811050,1.71,0.18,0.07,17.67,1.18,jja,248.11,4.01,mam
DE811100,1.68,0.25,0.05,16.67,1.18,jja,243.3,4.01,mam
DE811110,1.71,0.23,0.05,17.81,1.18,jja,247.9,4.01,mam
DE811170,1.52,0.13,0.04,17.78,1.18,jja,252.1,4.01,mam
DE811180,1.55,0.25,0.07,19.0,1.18,jja,253.09,4.01,mam
DE811190,1.56,0.22,0.05,16.14,1.18,jja,220.69,4.02,mam
DE811200,1.58,0.19,0.05,17.92,1.18,jja,252.86,4.02,mam
DE811210,1.56,0.19,0.04,17.97,1.18,jja,254.22,4.02,mam
DE811250,1.58,0.19,0.06,17.64,1.18,jja,242.23,4.02,mam
DE811260,1.5,0.23,0.08,14.34,1.18,jja,202.85,4.02,jja
DE811270,1.5,0.26,0.05,15.9,1.18,jja,222.66,4.02,mam
DE811350,1.61,0.15,0.07,12.81,1.18,jja,185.66,4.02,mam
DE811360,1.75,0.21,0.05,17.76,1.18,jja,248.81,4.02,mam
DE811370,1.69,0.21,0.05,17.92,1.18,jja,250.82,4.02,mam
DE811390,1.86,0.21,0.05,17.5,1.18,jja,243.48,4.02,mam
DE811420,1.79,0.24,0.04,18.13,1.18,jja,246.29,4.02,mam
DE811430,1.6,0.32,0.07,16.82,1.18,jja,249.6,4.02,son
DE811440,1.55,0.22,0.05,17.14,1.18,jja,249.57,4.02,mam
DE811450,1.56,0.25,0.06,15.25,1.18,jja,225.99,4.02,mam
DE811470,1.59,0.18,0.06,15.5,1.18,jja,228.77,4.02,mam
DE811480,1.61,0.21,0.06,16.06,1.18,jja,237.24,4.02,mam
DE811510,1.54,0.2,0.06,16.79,1.18,jja,251.52,4.02,mam
DE811520,1.59,0.18,0.05,16.96,1.18,jja,249.2,4.02,mam
DE811530,1.58,0.19,0.06,15.1,1.18,jja,223.41,4.02,mam
DE811550,1.54,0.18,0.07,17.58,1.18,jja,251.86,4.02,mam
DE811560,1.69,0.22,0.05,18.13,1.18,jja,248.98,4.02,mam
DE811580,1.45,0.22,0.06,17.23,1.18,jja,257.78,4.02,mam
DE811590,1.49,0.26,0.05,18.0,1.18,jja,257.55,4.02,mam
DE811600,1.54,0.21,0.07,17.42,1.18,jja,251.28,4.02,mam
DE811610,1.55,0.23,0.06,17.86,1.18,jja,251.99,4.02,mam
DE811620,1.6,0.17,0.06,17.17,1.18,jja,251.22,4.02,mam
DE811630,1.68,0.27,0.06,17.53,1.18,jja,250.55,4.02,mam
DE811750,1.54,0.22,0.06,16.39,1.18,jja,233.01,4.02,mam
DE811760,1.51,0.19,0.06,15.87,1.18,jja,231.63,4.02,mam
DE811770,1.53,0.23,0.06,16.37,1.18,jja,231.71,4.02,mam
DE811800,1.53,0.27,0.05,17.5,1.18,jja,255.09,4.02,mam
DE811840,1.51,0.28,0.07,16.16,1.18,jja,238.14,4.02,mam
DE811850,1.51,0.27,0.06,16.36,1.17,jja,240.57,4.03,mam
DE811950,1.64,0.11,0.08,18.25,1.17,jja,248.08,4.03,mam
DE811960,1.65,0.16,0.06,18.37,1.17,jja,250.83,4.03,mam
DE812010,1.74,0.16,0.04,18.71,1.17,jja,246.28,4.03,mam
DE812030,1.59,0.13,0.05,17.59,1.17,jja,249.68,4.03,mam
DE812040,1.59,0.14,0.05,17.79,1.17,jja,249.24,4.03,mam
DE812050,1.55,0.13,0.05,16.46,1.17,jja,229.07,4.03,mam
DE812060,1.63,0.2,0.05,17.61,1.17,jja,251.3,4.03,mam
DE812070,1.57,0.16,0.04,16.18,1.17,jja,224.51,4.03,mam
DE812080,1.59,0.18,0.06,16.91,1.17,jja,234.91,4.03,mam
DE812100,1.57,0.22,0.07,18.3,1.17,jja,250.68,4.03,son
DE812110,1.6,0.18,0.06,17.09,1.17,jja,246.94,4.03,mam
DE812170,1.69,0.24,0.07,14.42,1.17,jja,188.04,4.03,mam
DE812180,1.9,0.19,0.04,18.01,1.17,jja,239.81,4.03,mam
DE812190,1.81,0.11,0.04,16.98,1.17,jja,240.36,4.03,mam
DE812200,1.81,0.12,0.05,16.37,1.17,jja,230.28,4.03,mam
DE812210,1.73,0.15,0.05,15.71,1.17,jja,221.8,4.03,mam
DE812250,1.93,0.17,0.04,16.43,1.17,jja,215.94,4.03,mam
DE812280,1.93,0.12,0.04,16.98,1.17,jja,236.19,4.03,mam
DE812290,1.93,0.15,0.03,17.83,1.17,jja,240.88,4.03,mam
DE910020,2.18,0.07,0.02,15.94,1.17,jja,225.6,4.03,mam
DE910070,2.37,-0.04,0.03,16.71,1.17,jja,221.63,4.03,mam
DE910080,2.35,-0.04,0.03,16.25,1.17,jja,221.74,4.03,mam
DE910090,2.33,-0.03,0.03,16.3,1.17,jja,222.37,4.03,mam
DE910110,2.19,0.02,0.03,16.73,1.17,jja,229.65,4.03,mam
DE910120,2.23,0.02,0.03,16.26,1.17,jja,224.21,4.03,mam
DE910130,2.3,-0.03,0.03,17.0,1.17,son,224.91,4.03,mam
DE910140,2.31,-0.01,0.03,16.75,1.17,son,224.14,4.03,mam
DE910150,2.24,0.04,0.03,16.0,1.17,jja,223.41,4.03,mam
DE910160,2.53,-0.04,0.04,16.63,1.17,djf,219.65,4.03,mam
DE910170,2.37,0.0,0.03,15.64,1.17,jja,220.16,4.03,mam
DE910180,2.28,0.02,0.03,15.86,1.17,jja,220.51,4.03,mam
DE910190,2.1,0.06,0.02,18.0,1.17,jja,232.06,4.03,mam
DE910200,2.24,0.03,0.03,15.87,1.17,jja,221.21,4.03,mam
DE910210,2.21,0.03,0.03,15.87,1.17,jja,221.52,4.03,mam
DE910230,2.11,0.02,0.03,16.69,1.17,jja,229.87,4.03,mam
DE910240,2.04,0.08,0.03,16.65,1.17,jja,230.79,4.03,mam
DE910250,2.04,0.09,0.03,16.02,1.17,jja,227.58,4.03,mam
DE910260,2.04,0.06,0.02,16.87,1.17,jja,233.53,4.03,mam
DE910270,2.15,0.06,0.03,14.84,1.17,jja,220.91,4.03,mam
DE910290,2.16,0.04,0.03,14.57,1.17,jja,219.27,4.03,mam
DE910300,2.16,0.01,0.03,15.35,1.17,jja,222.93,4.03,mam
DE910310,2.24,0.03,0.02,16.67,1.17,jja,221.42,4.03,mam
DE910320,2.15,0.07,0.03,14.85,1.17,jja,220.6,4.03,mam
DE910330,2.15,0.07,0.03,15.95,1.17,jja,224.85,4.03,mam
DE910340,2.17,0.03,0.02,15.66,1.17,jja,223.34,4.03,mam
DE910350,2.19,0.04,0.02,16.26,1.17,jja,220.22,4.03,mam
DE910360,2.14,0.05,0.03,15.06,1.17,jja,220.79,4.03,mam
DE910370,2.14,0.04,0.02,16.62,1.17,jja,223.66,4.03,mam
DE910380,2.22,0.01,0.02,14.58,1.17,son,205.44,4.03,mam
DE910400,2.14,0.06,0.03,14.97,1.17,jja,219.51,4.03,mam
DE910430,2.26,0.08,0.02,16.03,1.17,jja,223.17,4.03,mam
DE910460,2.09,0.06,0.02,15.58,1.17,jja,206.02,4.03,mam
DE910500,2.2,0.11,0.03,15.69,1.17,jja,224.04,4.03,mam
DE910530,2.15,0.07,0.03,15.62,1.17,jja,227.57,4.03,mam
DE910560,2.15,0.08,0.03,16.0,1.17,jja,221.46,4.03,mam
DE910570,2.31,0.06,0.03,16.41,1.17,jja,221.59,4.03,mam
DE910580,2.17,0.07,0.02,16.57,1.17,jja,227.31,4.03,mam
DE910610,2.25,-0.0,0.06,16.87,1.17,jja,226.75,4.03,mam
DE910620,2.54,0.01,0.07,15.73,1.17,jja,217.17,4.02,mam
DE910630,2.42,-0.12,0.07,15.91,1.17,djf,221.77,4.02,mam
DE910640,2.34,0.01,0.06,16.16,1.17,jja,220.69,4.02,mam
DE910650,2.44,-0.04,0.06,16.04,1.17,jja,221.82,4.02,mam
DE910660,2.71,-0.01,0.07,16.09,1.17,jja,214.56,4.02,mam
DE910670,2.44,0.03,0.05,16.98,1.17,jja,220.47,4.02,mam
DE910680,2.45,0.03,0.06,16.32,1.17,jja,219.56,4.02,mam
DE910690,2.58,-0.09,0.04,16.15,1.17,djf,217.35,4.02,mam
DE910700,2.52,-0.0,0.05,15.19,1.17,jja,214.18,4.02,mam
DE910710,2.33,0.0,0.04,16.62,1.17,jja,223.91,4.02,mam
DE910720,2.38,0.05,0.04,16.32,1.17,jja,221.1,4.02,mam
DE910730,2.33,-0.03,0.03,16.3,1.17,jja,222.37,4.02,mam
DE910750,2.25,-0.01,0.03,16.42,1.17,jja,224.02,4.02,mam
DE910770,2.4,-0.07,0.03,18.12,1.17,son,222.24,4.02,mam
DE910780,2.26,0.11,0.04,16.64,1.17,jja,226.36,4.02,mam
DE910790,2.0,0.06,0.03,17.82,1.17,jja,235.17,4.02,mam
DE910800,1.89,0.13,0.03,16.27,1.17,jja,233.28,4.02,mam
DE910810,1.89,0.12,0.03,15.75,1.17,jja,231.42,4.02,mam
DE910820,1.97,0.07,0.03,16.47,1.17,jja,232.17,4.02,mam
DE910830,1.89,0.12,0.02,16.3,1.17,jja,233.31,4.02,mam
DE910840,1.93,0.13,0.02,17.45,1.17,jja,236.1,4.02,mam
DE910850,1.58,0.17,0.06,18.34,1.17,jja,248.61,4.02,mam
DE910860,1.59,0.17,0.05,18.44,1.17,jja,248.75,4.02,mam
DE910870,1.58,0.13,0.05,18.54,1.17,jja,248.22,4.02,mam
DE910880,1.84,0.12,0.04,17.92,1.17,jja,239.84,4.02,mam
DE910890,1.86,0.1,0.05,17.5,1.17,jja,238.21,4.02,mam
DE910910,2.95,-0.08,0.1,15.74,1.17,djf,211.23,4.02,jja
DE910920,3.28,-0.11,0.12,14.71,1.17,djf,202.1,4.02,jja
DE910960,2.72,0.05,0.1,14.62,1.17,jja,209.23,4.02,mam
DE910990,2.28,0.12,0.07,15.12,1.17,jja,219.23,4.02,son
DE911000,1.84,0.17,0.05,17.02,1.17,jja,239.68,4.02,mam
DE911010,1.92,0.09,0.06,18.03,1.17,jja,238.07,4.02,mam
DE911020,1.79,0.14,0.05,17.73,1.17,jja,241.28,4.02,mam
DE911030,1.76,0.11,0.05,17.27,1.17,jja,239.84,4.02,mam
DE911040,1.87,0.16,0.06,17.43,1.17,jja,239.56,4.02,mam
DE911050,1.77,0.16,0.05,17.02,1.17,jja,239.67,4.02,mam
DE911060,1.98,0.16,0.06,14.86,1.17,jja,225.69,4.02,mam
DE911070,1.95,0.12,0.05,15.06,1.17,jja,225.21,4.02,mam
DE911100,2.08,0.03,0.04,17.06,1.17,jja,230.71,4.02,mam
DE911110,2.12,0.02,0.04,16.85,1.17,jja,230.05,4.02,mam
DE911120,2.04,0.07,0.05,16.7,1.17,jja,229.44,4.02,mam
DE911130,1.83,0.17,0.04,17.66,1.17,jja,241.16,4.02,mam
DE911140,1.8,0.18,0.04,16.54,1.17,jja,238.74,4.02,mam
DE911160,1.81,0.16,0.04,16.59,1.17,jja,236.38,4.02,mam
DE911180,1.83,0.15,0.04,17.82,1.17,jja,238.96,4.02,mam
DE911190,2.19,0.1,0.05,17.3,1.17,jja,230.05,4.02,mam
DE911200,2.19,0.01,0.04,17.84,1.17,jja,228.53,4.02,mam
DE911210,2.13,0.06,0.04,17.11,1.17,jja,226.74,4.02,mam
DE911230,1.87,0.14,0.04,17.29,1.17,jja,237.28,4.02,mam
DE911240,1.96,0.14,0.07,16.4,1.17,jja,231.77,4.02,son
DE911260,2.14,0.08,0.06,17.06,1.17,jja,231.34,4.02,mam
DE911270,1.91,0.2,0.05,16.67,1.17,jja,237.9,4.02,mam
DE911280,1.94,0.15,0.06,16.16,1.17,jja,232.35,4.02,son
DE911290,2.0,0.1,0.05,16.36,1.17,jja,229.66,4.02,mam
DE911310,2.04,0.1,0.06,16.0,1.17,jja,229.32,4.02,mam
DE911320,1.91,0.1,0.05,17.93,1.17,jja,237.87,4.02,mam
DE911330,1.91,0.16,0.06,16.49,1.17,jja,233.9,4.02,son
DE911340,1.96,0.13,0.05,17.16,1.17,jja,236.51,4.02,mam
DE911350,3.28,-0.02,0.12,14.24,1.17,jja,200.72,4.02,mam
DE911360,3.09,-0.07,0.1,15.08,1.17,djf,204.61,4.02,mam
DE911370,1.99,0.12,0.05,16.4,1.17,jja,230.81,4.02,mam
DE911380,2.4,0.05,0.07,14.61,1.17,jja,213.49,4.02,mam
DE911390,2.68,0.09,0.08,15.39,1.17,jja,214.68,4.02,mam
DE911400,2.75,0.07,0.08,14.71,1.17,jja,209.05,4.02,mam
DE911410,2.46,0.04,0.08,14.56,1.17,jja,211.45,4.02,mam
DE911420,2.46,0.08,0.06,14.91,1.17,jja,215.19,4.02,mam
DE911430,2.72,-0.1,0.08,15.5,1.17,djf,212.09,4.02,mam
DE911440,2.63,-0.07,0.08,15.84,1.17,djf,215.34,4.02,mam
DE911450,2.63,-0.03,0.07,16.33,1.17,djf,215.83,4.02,mam
DE911460,2.18,0.08,0.06,15.6,1.17,jja,216.66,4.02,mam
DE911470,2.17,0.1,0.05,15.84,1.17,jja,223.73,4.02,mam
DE911480,2.22,0.1,0.06,14.41,1.17,jja,215.87,4.02,mam
DE911490,2.45,-0.0,0.05,16.32,1.17,jja,219.34,4.02,jja
DE911520,2.3,0.07,0.05,16.56,1.17,jja,223.9,4.02,mam
DE911530,2.22,0.1,0.06,14.41,1.17,jja,214.79,4.02,mam
DE911540,2.17,0.01,0.04,17.05,1.17,jja,229.89,4.02,mam
DE911560,2.86,0.05,0.09,14.61,1.17,jja,209.14,4.02,mam
DE911570,2.3,0.08,0.05,16.88,1.17,jja,227.39,4.02,mam
DE911580,2.41,0.1,0.07,15.33,1.17,jja,219.84,4.02,mam
DE911600,2.09,0.01,0.05,17.15,1.17,jja,229.42,4.02,mam
DE911610,2.07,0.08,0.05,17.0,1.17,jja,230.63,4.02,mam
DE911620,2.29,0.12,0.06,15.24,1.17,jja,220.04,4.02,mam
DE911630,2.16,0.04,0.05,18.0,1.17,jja,232.69,4.02,jja
DE911640,2.26,0.08,0.05,15.43,1.17,jja,221.42,4.02,mam
DE911650,1.79,0.19,0.04,17.55,1.17,jja,242.58,4.02,mam
DE911660,1.9,0.11,0.04,17.46,1.17,jja,238.12,4.02,mam
DE911680,2.21,0.07,0.05,16.13,1.17,jja,226.45,4.02,mam
DE911690,1.95,0.11,0.03,16.97,1.17,jja,235.82,4.02,mam
DE911700,2.06,0.1,0.03,16.26,1.17,jja,228.51,4.02,mam
DE911710,1.87,0.1,0.02,17.53,1.17,jja,239.51,4.02,mam
DE911740,2.22,0.02,0.04,17.32,1.17,jja,227.4,4.02,mam
DE911750,2.21,0.06,0.04,16.73,1.17,jja,225.9,4.02,mam
DE911770,2.2,0.03,0.04,16.48,1.17,jja,224.75,4.02,mam
DE911780,1.88,0.13,0.03,16.48,1.17,jja,236.69,4.02,mam
DE911840,1.91,0.06,0.03,17.12,1.17,jja,236.1,4.02,mam
DE911850,1.91,0.04,0.03,17.58,1.17,jja,234.53,4.02,mam
DE911860,1.99,-0.01,0.02,17.45,1.17,djf,234.2,4.02,mam
DE911870,1.95,0.07,0.03,16.54,1.17,jja,233.33,4.02,mam
DE911880,2.01,0.1,0.03,16.49,1.17,jja,230.01,4.02,mam
DE911890,2.13,0.09,0.04,16.18,1.17,jja,226.09,4.02,mam
DE911900,2.21,0.08,0.03,17.04,1.17,jja,228.54,4.02,mam
DE911910,2.13,0.09,0.04,16.36,1.17,jja,227.58,4.02,mam
DE911920,2.12,0.01,0.03,17.5,1.17,jja,231.47,4.02,mam
DE911930,2.23,0.1,0.04,16.26,1.17,jja,225.13,4.02,mam
DE911940,2.16,-0.01,0.02,16.1,1.17,jja,226.33,4.02,mam
DE911950,2.03,0.05,0.03,16.42,1.17,jja,229.48,4.02,mam
DE911960,2.17,0.07,0.03,17.03,1.17,jja,227.36,4.02,mam
DE911970,2.12,0.11,0.04,15.72,1.17,jja,224.48,4.02,mam
DE911980,2.13,0.1,0.03,16.17,1.17,jja,226.46,4.02,mam
DE911990,2.19,0.09,0.03,16.5,1.17,jja,226.43,4.02,mam
DE912000,2.11,0.12,0.03,15.98,1.17,jja,227.4,4.02,mam
DE912010,2.26,0.06,0.03,16.27,1.17,jja,223.06,4.02,mam
DE912030,2.13,0.01,0.03,16.95,1.17,jja,229.46,4.02,mam
DE912090,2.03,0.07,0.03,15.9,1.17,jja,229.24,4.02,mam
DE912100,1.88,0.08,0.03,16.77,1.17,jja,233.92,4.02,mam
DE912110,1.97,0.08,0.03,15.47,1.17,jja,228.15,4.02,mam
DE912120,2.07,0.08,0.03,16.69,1.17,jja,229.88,4.02,mam
DE912130,2.0,0.09,0.03,15.04,1.17,jja,225.88,4.02,mam
DE912140,2.14,0.08,0.03,15.53,1.17,jja,222.93,4.02,mam
DE912150,2.35,0.08,0.03,16.44,1.17,jja,221.02,4.02,mam
DE912160,2.11,0.09,0.03,16.68,1.17,jja,226.02,4.02,mam
DE912170,2.25,0.06,0.03,15.83,1.17,jja,220.32,4.02,mam
DE912180,2.32,0.09,0.03,15.61,1.17,jja,218.27,4.02,mam
DE912190,2.27,0.08,0.03,11.56,1.17,jja,158.54,4.01,mam
DE912210,2.35,0.12,0.03,15.39,1.17,jja,217.65,4.01,mam
DE912220,2.43,0.14,0.03,15.53,1.17,jja,218.48,4.01,mam
DE912230,3.15,-0.18,0.14,16.35,1.17,djf,211.22,4.01,mam
DE912240,3.49,-0.27,0.17,17.34,1.17,djf,207.08,4.01,jja
DE912250,1.79,0.13,0.04,17.9,1.17,jja,242.15,4.01,mam
DE912270,1.81,0.05,0.04,17.72,1.17,jja,237.86,4.01,mam
DE912280,1.85,0.09,0.05,17.44,1.17,jja,236.06,4.01,mam
DE912290,1.87,0.08,0.04,17.26,1.17,jja,237.92,4.01,mam
DE912300,2.01,0.06,0.04,17.33,1.17,jja,233.03,4.01,mam
DE912310,2.05,0.06,0.05,17.42,1.17,jja,232.08,4.01,mam
DE912320,1.81,0.13,0.04,17.33,1.17,jja,238.69,4.02,mam
DE912330,1.86,0.08,0.04,9.21,1.17,jja,125.84,4.02,mam
DE912350,1.86,0.12,0.05,16.85,1.17,jja,233.88,4.02,mam
DE912360,1.95,0.02,0.03,16.62,1.17,jja,231.98,4.02,mam
DE912370,1.91,0.08,0.04,16.31,1.17,jja,234.7,4.02,mam
DE912380,1.89,0.11,0.04,17.46,1.17,jja,236.59,4.02,mam
DE912390,2.24,0.0,0.05,16.73,1.17,jja,225.99,4.02,mam
DE912400,2.13,0.05,0.04,16.78,1.17,jja,227.21,4.02,mam
DE912420,2.19,0.06,0.04,16.3,1.17,jja,225.17,4.02,mam
DE912440,2.11,0.13,0.04,16.13,1.17,jja,226.51,4.02,mam
DE912450,2.3,0.08,0.03,16.74,1.17,jja,224.66,4.02,mam
DE912470,2.26,0.07,0.04,16.13,1.17,jja,223.45,4.02,mam
DE912490,2.2,0.11,0.03,16.46,1.17,jja,225.06,4.02,mam
DE912500,2.4,0.08,0.03,16.03,1.17,jja,221.42,4.02,mam
DE912520,2.18,0.1,0.04,16.29,1.17,jja,226.98,4.02,mam
DE912530,2.21,0.08,0.03,16.63,1.17,jja,224.59,4.02,mam
DE912540,2.09,0.05,0.03,15.69,1.17,son,230.4,4.02,mam
DE912550,2.16,0.03,0.03,16.65,1.17,son,225.93,4.02,mam
DE912560,2.14,0.12,0.03,15.77,1.17,jja,225.46,4.02,mam
DE912570,2.13,0.03,0.02,17.11,1.17,son,228.69,4.02,mam
DE912600,2.34,0.12,0.03,15.45,1.17,jja,218.22,4.02,mam
DE912650,2.18,0.04,0.02,15.88,1.17,jja,225.87,4.02,mam
DE912660,2.28,-0.05,0.02,16.18,1.17,son,224.5,4.02,mam
DE912670,2.27,0.04,0.02,16.24,1.17,son,228.27,4.02,mam
DE912810,2.27,0.09,0.02,16.15,1.17,jja,220.76,4.02,mam
DEA10000,3.24,-0.12,0.1,15.71,1.17,djf,207.87,4.01,mam
DEA10040,3.11,-0.11,0.07,15.3,1.17,djf,205.71,4.01,mam
DEA10060,3.17,-0.13,0.07,15.45,1.17,djf,207.34,4.01,mam
DEA10070,3.21,-0.18,0.05,16.1,1.17,djf,209.76,4.01,mam
DEA10080,3.01,-0.14,0.06,15.76,1.17,djf,211.48,4.01,mam
DEA10090,3.12,-0.16,0.05,15.5,1.17,djf,209.21,4.01,mam
DEA10100,3.25,-0.12,0.06,15.12,1.17,djf,204.92,4.01,mam
DEA10120,2.93,-0.11,0.06,14.98,1.17,djf,207.7,4.01,mam
DEA10130,3.0,-0.12,0.04,15.78,1.17,djf,210.74,4.01,mam
DEA10140,2.9,-0.07,0.03,15.63,1.17,jja,212.99,4.01,mam
DEA10150,2.39,0.1,0.03,15.73,1.17,jja,223.6,4.01,mam
DEA10160,2.91,-0.06,0.05,14.67,1.17,djf,205.58,4.01,mam
DEA10170,2.26,0.15,0.03,16.2,1.17,jja,228.8,4.01,mam
DEA10200,3.47,-0.16,0.03,15.21,1.17,djf,205.41,4.01,mam
DEA10210,3.23,-0.06,0.03,15.02,1.17,djf,205.36,4.01,mam
DEA10220,3.24,-0.08,0.04,14.38,1.17,djf,201.79,4.01,mam
DEA10230,2.98,-0.09,0.04,14.24,1.17,djf,203.03,4.01,mam
DEA10240,3.5,-0.18,0.04,15.28,1.17,djf,204.77,4.01,mam
DEA10250,3.27,-0.21,0.02,8.97,1.17,djf,118.57,4.01,mam
DEA10260,3.44,-0.17,0.03,15.19,1.17,djf,204.8,4.01,mam
DEA10270,3.33,-0.14,0.03,15.16,1.17,djf,204.86,4.01,mam
DEA10280,3.14,-0.1,0.02,15.31,1.17,djf,208.24,4.01,mam
DEA10300,2.75,0.03,0.03,15.55,1.17,jja,213.13,4.01,mam
DEA10310,2.77,0.01,0.03,15.72,1.17,jja,214.13,4.01,mam
DEA10320,2.81,0.01,0.03,15.59,1.17,jja,212.96,4.01,mam
DEA10330,1.97,0.05,0.06,16.7,1.17,jja,236.46,4.01,jja
DEA10340,1.96,0.08,0.07,16.15,1.17,jja,236.82,4.01,son
DEA10350,1.95,0.05,0.05,15.83,1.17,jja,227.97,4.01,jja
DEA10360,1.8,0.2,0.03,16.42,1.17,jja,239.91,4.01,son
DEA10370,1.78,0.19,0.03,16.4,1.17,jja,239.22,4.01,son
DEA10380,1.81,0.18,0.04,16.09,1.17,jja,235.63,4.01,son
DEA10390,1.83,0.14,0.04,16.87,1.17,jja,236.77,4.01,son
DEA10400,1.74,0.12,0.03,17.43,1.17,jja,241.5,4.01,son
DEA10460,2.65,0.0,0.02,16.0,1.17,jja,216.46,4.01,
DEA10470,3.28,-0.12,0.13,15.32,1.17,djf,201.18,4.01,mam
DEA10480,3.11,-0.03,0.1,15.0,1.17,jja,201.8,4.01,mam
DEA10490,3.02,-0.1,0.07,15.92,1.17,djf,207.43,4.01,mam
DEA10500,2.98,-0.06,0.08,15.14,1.17,,203.97,4.01,mam
DEA10510,3.46,-0.1,0.09,15.34,1.17,djf,203.03,4.0,mam
DEA10520,2.87,-0.01,0.06,12.94,1.17,jja,174.05,4.0,mam
DEA10530,2.79,0.01,0.07,16.24,1.17,jja,210.03,4.0,mam
DEA10540,2.8,-0.01,0.07,16.3,1.17,jja,210.33,4.0,mam
DEA10550,2.87,-0.05,0.06,14.53,1.17,djf,199.74,4.0,mam
DEA10560,2.43,-0.09,0.02,18.67,1.17,djf,225.91,4.0,mam
DEA10600,2.73,-0.04,0.04,15.67,1.17,jja,209.7,4.0,mam
DEA10610,2.5,0.04,0.03,16.19,1.17,jja,220.06,4.0,mam
DEA10620,2.82,0.01,0.06,14.46,1.17,jja,202.58,4.0,mam
DEA10630,3.47,-0.09,0.15,14.7,1.17,djf,198.57,4.0,mam
DEA10640,3.23,-0.09,0.11,14.44,1.17,djf,199.86,4.0,mam
DEA10650,3.27,-0.17,0.07,16.21,1.17,djf,210.94,4.0,mam
DEA10660,2.76,-0.03,0.06,15.65,1.17,jja,215.13,4.0,mam
DEA10680,3.23,-0.15,0.07,14.36,1.17,djf,197.63,4.0,mam
DEA10700,3.24,-0.12,0.07,13.59,1.17,djf,188.12,4.0,mam
DEA10710,3.85,-0.21,0.08,15.67,1.17,djf,199.96,4.0,mam
DEA10720,3.48,-0.17,0.06,14.92,1.17,djf,198.83,4.0,mam
DEA10730,3.32,-0.1,0.06,13.1,1.17,djf,171.09,4.0,mam
DEA10750,3.24,-0.09,0.04,14.57,1.17,djf,192.88,4.0,mam
DEA10760,3.2,-0.09,0.05,14.77,1.17,djf,200.93,4.0,mam
DEA10780,3.01,-0.1,0.02,15.14,1.17,son,211.76,4.0,mam
DEA10790,2.95,-0.08,0.03,15.77,1.17,son,211.52,4.0,mam
DEA10800,2.91,-0.1,0.02,15.79,1.17,djf,211.69,4.0,mam
DEA10850,3.11,-0.08,0.06,15.0,1.17,jja,207.96,4.0,mam
DEA10860,2.82,-0.05,0.05,14.92,1.17,jja,212.3,4.0,mam
DEA10890,2.58,-0.01,0.08,16.54,1.17,jja,217.1,4.0,mam
DEA10900,2.54,0.03,0.08,16.78,1.17,jja,217.76,4.0,mam
DEA10910,2.53,0.07,0.07,16.41,1.17,jja,216.52,3.99,mam
DEA10920,2.33,0.06,0.06,16.8,1.17,jja,221.92,3.99,mam
DEA10930,2.17,0.09,0.04,16.29,1.17,jja,223.88,3.99,mam
DEA10940,2.38,0.06,0.06,16.27,1.17,jja,219.01,3.99,mam
DEA10950,2.7,-0.03,0.06,15.87,1.17,jja,212.64,3.99,mam
DEA10960,2.92,-0.07,0.06,15.04,1.17,jja,204.76,3.99,mam
DEA10970,2.5,0.0,0.06,16.44,1.17,jja,218.05,3.99,mam
DEA10980,2.47,0.01,0.05,16.44,1.17,jja,215.86,3.99,mam
DEA10990,2.67,-0.01,0.03,15.08,1.17,jja,214.71,3.99,mam
DEA11010,2.46,0.03,0.05,15.33,1.17,jja,214.43,3.99,mam
DEA11040,2.4,0.07,0.05,13.67,1.17,jja,192.07,3.99,mam
DEA11050,2.12,0.08,0.02,16.44,1.17,jja,228.53,3.99,mam
DEA11060,2.07,0.14,0.02,17.31,1.17,jja,227.83,3.99,mam
DEA11090,2.35,0.09,0.04,14.83,1.17,jja,213.92,3.99,mam
DEA11100,2.17,0.13,0.03,17.47,1.17,jja,231.59,3.99,mam
DEA11110,2.17,0.1,0.02,17.28,1.17,jja,229.24,3.99,mam
DEA11120,2.09,0.13,0.02,16.82,1.17,jja,229.41,3.99,mam
DEA11130,2.24,0.08,0.03,14.74,1.17,jja,215.33,3.99,mam
DEA11140,2.21,-0.01,0.02,16.21,1.17,jja,226.67,3.99,mam
DEA11160,2.16,0.04,0.02,16.51,1.17,jja,227.39,3.99,mam
DEA11180,2.24,0.09,0.03,14.12,1.17,jja,212.67,3.99,mam
DEA11200,2.26,0.05,0.03,14.22,1.17,jja,212.88,3.99,mam
DEA11240,2.26,-0.06,0.08,16.18,1.17,djf,223.94,3.99,jja
DEA11260,2.63,-0.08,0.1,15.36,1.17,djf,213.21,3.99,son
DEA11360,2.33,0.02,0.03,16.46,1.17,jja,223.04,3.99,mam
DEA11390,2.09,0.06,0.02,16.33,1.17,jja,229.13,3.99,son
DEA11410,2.32,0.03,0.02,17.41,1.17,jja,227.91,3.99,jja
DEA11430,2.26,0.03,0.02,16.93,1.17,jja,226.25,3.99,son
DEA11440,2.06,0.05,0.02,17.21,1.17,jja,229.77,3.99,mam
DEA11470,2.03,0.04,0.02,17.05,1.17,jja,234.44,3.99,mam
DEA11490,2.06,0.09,0.02,16.32,1.17,jja,226.8,3.99,mam
DEA11540,2.04,0.04,0.01,17.03,1.17,jja,232.79,3.99,mam
DEA11620,2.32,0.04,0.03,15.84,1.17,jja,221.67,3.99,mam
DEA11630,2.47,0.0,0.03,15.51,1.17,jja,218.25,3.99,mam
DEA11650,2.47,-0.02,0.03,16.1,1.17,jja,219.4,3.99,mam
DEA11670,2.49,-0.01,0.03,15.37,1.17,jja,218.18,3.99,mam
DEA11680,2.27,0.0,0.03,16.0,1.17,jja,220.82,3.99,mam
DEA11690,2.27,-0.02,0.03,16.16,1.17,jja,221.93,3.99,mam
DEA11700,2.22,0.01,0.02,14.87,1.17,jja,219.58,3.99,mam
DEA11710,2.23,0.01,0.02,15.21,1.17,son,219.3,3.99,mam
DEA11720,2.08,0.04,0.02,16.2,1.17,jja,231.14,3.99,mam
DEA11730,2.16,0.01,0.02,16.65,1.17,jja,229.54,3.99,mam
DEA11740,2.15,0.04,0.02,16.78,1.17,jja,228.98,3.99,mam
DEA11750,2.29,-0.01,0.03,16.47,1.17,jja,224.5,3.99,mam
DEA11770,3.4,-0.13,0.11,15.36,1.17,djf,203.96,3.99,mam
DEA11790,3.2,-0.14,0.13,15.26,1.17,djf,203.48,3.99,mam
DEA11800,3.11,-0.12,0.09,15.6,1.17,djf,208.45,3.99,mam
DEA11810,3.09,-0.17,0.11,16.18,1.17,djf,207.69,3.99,mam
DEA11820,2.94,-0.09,0.1,15.68,1.17,djf,209.0,3.99,mam
DEA11830,2.46,-0.02,0.09,16.28,1.17,jja,217.05,3.99,mam
DEA11840,1.86,0.13,0.05,16.88,1.17,jja,236.11,3.99,mam
DEA11850,2.75,-0.09,0.05,15.9,1.17,djf,212.81,3.99,mam
DEA11860,2.16,0.06,0.03,16.72,1.17,jja,231.02,3.99,mam
DEA11870,2.45,-0.06,0.05,16.19,1.17,djf,219.86,3.99,mam
DEA11880,2.58,-0.06,0.04,16.24,1.17,djf,217.44,3.99,mam
DEA11890,2.63,-0.09,0.04,15.54,1.17,djf,215.52,3.99,mam
DEA11900,2.33,0.0,0.04,16.51,1.17,jja,222.22,3.99,mam
DEA11910,2.56,-0.06,0.04,15.51,1.17,jja,217.49,3.99,mam
DEA11920,2.83,-0.07,0.04,15.4,1.17,djf,212.98,3.98,mam
DEA11930,2.62,-0.08,0.03,14.5,1.17,djf,204.72,3.98,mam
DEA11940,2.49,0.0,0.04,16.05,1.17,jja,215.76,3.98,mam
DEA11950,2.58,-0.06,0.04,16.0,1.17,son,215.16,3.98,mam
DEA11960,2.47,0.01,0.04,16.83,1.17,jja,220.57,3.98,mam
DEA11970,2.47,-0.02,0.03,16.35,1.17,jja,218.33,3.98,mam
DEA11980,2.48,-0.01,0.03,15.22,1.17,jja,215.6,3.98,mam
DEA11990,2.43,-0.06,0.03,16.22,1.17,djf,219.08,3.98,mam
DEA12000,2.42,-0.0,0.03,15.27,1.17,jja,215.74,3.98,mam
DEA12010,2.23,-0.0,0.03,16.25,1.17,jja,223.56,3.98,mam
DEA12030,2.37,-0.03,0.03,15.76,1.17,son,216.81,3.98,mam
DEA12040,1.92,0.16,0.03,18.25,1.17,jja,241.48,3.98,mam
DEA12080,2.1,0.02,0.02,13.2,1.17,jja,185.43,3.98,mam
DEA12100,2.28,0.02,0.02,16.44,1.17,son,225.08,3.98,mam
DEA12130,2.22,0.01,0.02,15.98,1.17,jja,224.99,3.98,mam
DEA12140,2.19,0.03,0.02,16.29,1.17,jja,226.1,3.98,mam
DEA12150,2.23,0.0,0.02,16.29,1.17,son,226.17,3.98,mam
DEA12160,2.23,0.01,0.02,16.85,1.17,jja,224.92,3.98,mam
DEA12170,2.29,0.01,0.02,16.5,1.17,jja,227.29,3.98,mam
DEA12180,2.24,0.01,0.02,16.55,1.17,jja,224.68,3.98,mam
DEB10000,2.35,-0.1,0.03,18.88,1.17,djf,234.09,3.98,jja
DEB10010,2.26,-0.08,0.04,18.02,1.17,djf,231.73,3.98,mam
DEB10020,2.13,-0.03,0.04,17.58,1.17,djf,232.82,3.98,son
DEB10030,2.1,-0.03,0.03,18.65,1.17,djf,239.17,3.98,mam
DEB10040,2.02,0.02,0.04,18.16,1.17,jja,237.67,3.98,son
DEB10060,1.98,0.02,0.05,16.56,1.17,jja,218.3,3.99,son
DEB10070,1.77,0.04,0.05,19.02,1.17,jja,250.12,3.99,son
DEB10080,1.91,0.11,0.05,17.84,1.17,jja,239.07,3.99,son
DEB10090,1.82,0.12,0.05,17.67,1.17,jja,241.56,3.99,son
DEB10100,1.73,0.12,0.05,18.35,1.17,jja,248.92,3.99,son
DEB10110,1.79,0.15,0.06,18.28,1.17,jja,248.2,3.99,son
DEB10120,2.49,-0.09,0.05,17.64,1.17,djf,224.88,3.99,jja
DEB10130,2.42,-0.04,0.05,17.16,1.17,djf,225.23,3.99,son
DEB10140,2.38,-0.06,0.04,18.53,1.17,son,232.24,3.99,jja
DEB10160,2.44,-0.06,0.05,17.38,1.17,son,229.06,3.99,jja
DEB10170,2.48,-0.07,0.05,17.12,1.17,djf,228.41,3.99,jja
DEB10190,2.84,-0.2,0.06,17.32,1.17,djf,220.71,3.99,jja
DEB10200,2.66,-0.16,0.07,17.29,1.17,djf,221.74,3.99,jja
DEB10210,2.21,-0.05,0.06,16.53,1.17,djf,221.29,3.99,son
DEB10220,2.13,-0.02,0.05,16.29,1.17,djf,226.61,3.99,son
DEB10230,3.13,-0.19,0.09,17.9,1.17,djf,217.88,3.99,jja
DEB10240,2.75,-0.19,0.06,17.92,1.17,djf,222.77,3.99,jja
DEB10260,2.32,-0.08,0.06,18.6,1.17,jja,235.93,3.99,mam
DEB10270,2.2,-0.08,0.06,18.14,1.17,djf,233.13,3.99,jja
DEB10280,2.01,0.01,0.05,17.71,1.17,jja,234.9,3.99,son
DEB10290,1.95,0.08,0.07,16.14,1.17,jja,233.23,3.99,jja
DEB10300,1.91,0.1,0.06,16.4,1.17,jja,232.54,3.99,son
DEB10310,1.75,0.21,0.05,19.64,1.17,jja,246.65,3.99,mam
DEB10320,2.02,0.1,0.08,17.13,1.17,jja,233.85,3.99,son
DEB10330,1.86,0.09,0.06,16.8,1.17,jja,229.6,3.99,son
DEB10340,2.21,-0.04,0.06,16.82,1.17,djf,225.79,3.99,mam
DEB10350,2.25,-0.07,0.06,17.42,1.17,djf,228.85,3.99,jja
DEB10360,2.08,0.05,0.05,17.22,1.17,jja,231.94,3.99,son
DEB10380,2.03,0.07,0.07,16.13,1.17,jja,231.49,3.99,jja
DEB10390,1.93,0.08,0.05,16.51,1.17,jja,232.67,3.99,son
DEB10400,1.91,0.08,0.06,15.7,1.17,jja,230.61,3.99,son
DEB10410,1.83,0.13,0.05,15.84,1.17,jja,232.44,3.99,son
DEB10420,2.01,0.07,0.07,14.72,1.17,jja,224.23,3.99,son
DEB10430,2.06,0.03,0.07,16.37,1.17,jja,230.69,3.99,jja
DEB10450,2.05,0.11,0.07,15.5,1.17,jja,228.27,3.99,son
DEB10460,1.94,0.15,0.05,15.98,1.17,jja,230.24,3.99,son
DEB10470,2.83,-0.11,0.07,15.72,1.17,djf,210.41,3.99,mam
DEB10480,2.02,0.05,0.05,17.54,1.17,jja,235.5,3.99,son
DEB10490,1.99,0.06,0.05,16.79,1.17,jja,234.93,3.99,jja
DEB10500,2.44,-0.07,0.04,17.34,1.17,jja,224.24,3.99,mam
DEB10510,2.48,-0.03,0.05,17.66,1.17,jja,227.07,3.99,jja
DEB10520,2.47,-0.1,0.04,17.53,1.17,djf,223.69,3.99,mam
DEB10530,1.94,0.1,0.05,16.86,1.17,jja,235.08,3.99,son
DEB10540,1.92,0.1,0.05,16.51,1.17,jja,234.97,3.99,son
DEB10550,2.42,-0.0,0.04,16.54,1.17,jja,224.86,3.99,mam
DEB10560,2.67,-0.04,0.04,15.47,1.17,jja,217.41,3.99,mam
DEB10570,2.5,0.04,0.05,14.71,1.17,jja,213.36,3.99,mam
DEB10580,2.57,-0.02,0.04,15.87,1.17,jja,219.46,3.99,mam
DEB10590,2.55,0.01,0.04,16.09,1.17,jja,220.65,3.99,mam
DEB10600,2.44,0.04,0.05,16.26,1.17,jja,221.27,3.99,jja
DEB10610,3.05,-0.1,0.06,14.96,1.17,djf,207.27,3.99,mam
DEB10620,2.93,-0.08,0.07,15.69,1.17,djf,212.73,3.99,mam
DEB10630,2.96,-0.13,0.04,15.7,1.17,djf,210.82,3.99,mam
DEB10640,2.94,-0.05,0.08,15.64,1.17,jja,211.07,3.99,mam
DEB10650,2.93,-0.05,0.08,16.09,1.17,jja,213.46,3.99,mam
DEB10660,1.76,0.12,0.04,18.87,1.17,jja,247.35,3.99,son
DEB10680,1.54,0.17,0.03,19.51,1.17,jja,256.65,3.99,son
DEB10690,1.55,0.18,0.04,19.12,1.17,jja,257.63,3.99,mam
DEB10700,1.48,0.23,0.03,18.9,1.17,jja,257.53,3.99,son
DEB10710,1.49,0.21,0.04,18.98,1.17,jja,256.43,3.99,son
DEB10720,1.9,0.04,0.04,18.0,1.17,jja,236.52,3.99,mam
DEB10730,1.58,0.2,0.04,18.34,1.17,jja,253.2,3.99,son
DEB10740,1.61,0.19,0.04,18.43,1.17,jja,253.83,3.99,son
DEB10750,1.5,0.23,0.04,18.6,1.17,jja,256.7,3.99,son
DEB10790,2.1,-0.05,0.02,19.1,1.17,djf,243.95,3.99,jja
DEB10800,2.03,-0.01,0.03,18.27,1.17,djf,238.3,3.99,son
DEB10810,2.06,-0.03,0.03,18.82,1.17,djf,241.49,3.99,son
DEB10820,2.29,-0.09,0.03,18.29,1.17,djf,234.3,3.99,son
DEB10830,2.47,-0.08,0.05,17.78,1.17,djf,229.37,3.99,son
DEB10840,2.22,-0.03,0.06,17.58,1.17,djf,230.42,4.0,son
DEB10860,1.7,0.12,0.04,18.73,1.17,jja,251.37,4.0,son
DEB10870,1.66,0.11,0.03,19.11,1.17,jja,253.63,4.0,mam
DEB10900,2.58,-0.11,0.06,16.65,1.17,djf,217.48,4.0,jja
DEB10910,2.9,-0.16,0.09,15.61,1.17,djf,211.33,4.0,jja
DEB10930,2.62,-0.12,0.07,16.06,1.17,djf,215.03,4.0,jja
DEB10940,2.51,-0.1,0.06,16.3,1.17,djf,217.05,4.0,jja
DEB10950,2.53,-0.1,0.05,17.64,1.17,son,221.51,4.0,jja
DEB10960,2.57,-0.09,0.08,16.78,1.17,djf,220.31,4.0,jja
DEB10970,2.59,-0.11,0.06,16.72,1.17,djf,219.68,4.0,jja
DEB10980,2.4,-0.06,0.06,16.49,1.17,djf,221.4,4.0,jja
DEB10990,2.21,-0.02,0.03,18.83,1.17,son,235.24,4.0,jja
DEB11010,2.87,-0.16,0.07,17.19,1.17,djf,219.07,4.0,jja
DEB11020,2.58,-0.1,0.05,17.0,1.17,djf,225.13,4.0,mam
DEB11030,2.71,-0.13,0.05,18.15,1.17,djf,225.77,4.0,jja
DEB11100,2.64,-0.14,0.08,17.2,1.17,djf,221.78,4.0,jja
DEB11110,2.59,-0.14,0.08,16.89,1.17,djf,220.2,4.0,jja
DEB11120,2.52,-0.13,0.07,17.48,1.17,djf,222.3,4.0,jja
DEB11130,2.29,-0.08,0.05,17.13,1.17,djf,225.27,4.0,jja
DEB11140,2.3,0.01,0.06,17.09,1.17,jja,227.07,4.0,mam
DEB11150,2.63,-0.12,0.06,17.83,1.17,djf,222.95,4.0,jja
DEB11160,2.36,-0.09,0.08,17.16,1.17,,224.48,4.0,jja
DEB11170,2.42,-0.12,0.05,18.35,1.17,djf,226.52,4.0,mam
DEB11180,2.33,-0.1,0.05,17.26,1.17,djf,224.5,4.0,jja
DEB11190,2.14,0.06,0.04,17.77,1.17,jja,237.24,4.0,mam
DEB11200,2.42,-0.14,0.07,17.68,1.17,djf,225.88,4.0,jja
DEB11210,2.41,-0.14,0.05,17.41,1.17,djf,224.93,4.0,jja
DEB11230,2.07,-0.01,0.07,16.13,1.17,jja,227.39,4.0,jja
DEC10000,3.07,-0.16,0.07,17.48,1.17,djf,216.94,4.0,jja
DEC10080,3.1,-0.2,0.08,17.55,1.17,djf,216.8,4.0,jja
DEC10100,2.61,-0.11,0.03,7.77,1.17,djf,95.75,4.0,mam
DEC10110,2.63,-0.15,0.04,17.75,1.17,djf,226.23,4.0,jja
DEC10120,2.42,-0.04,0.03,17.85,1.17,jja,234.58,4.0,jja
DEC10130,2.9,-0.19,0.04,17.53,1.17,djf,221.63,4.0,mam
DEC10140,2.55,-0.11,0.04,18.23,1.17,djf,229.28,4.0,jja
DEC10150,2.96,-0.18,0.06,17.93,1.17,djf,218.98,4.0,jja
DEC10160,2.42,-0.08,0.03,18.09,1.17,djf,228.3,4.0,jja
DEC10200,2.77,-0.15,0.05,17.31,1.17,djf,221.17,4.0,jja
DEC10210,2.44,-0.1,0.03,18.54,1.17,djf,230.45,4.0,jja
DEC10230,2.35,-0.06,0.03,18.31,1.17,djf,233.7,4.0,jja
DEC10240,2.7,-0.18,0.04,17.7,1.17,djf,223.23,4.0,jja
DEC10280,2.82,-0.18,0.05,16.95,1.17,djf,210.64,4.0,jja
DEC10290,2.54,-0.08,0.03,17.85,1.17,djf,230.4,4.0,jja
DEC10300,2.75,-0.16,0.06,17.94,1.17,djf,224.88,4.0,jja
DEC10310,2.59,-0.15,0.05,17.91,1.17,djf,223.88,4.0,jja
DEC10320,3.03,-0.18,0.08,17.61,1.17,djf,216.48,4.0,jja
DEC10340,3.07,-0.19,0.07,17.57,1.17,djf,217.61,4.0,jja
DEC10350,3.01,-0.22,0.05,17.19,1.17,djf,213.63,4.0,jja
DEC10370,2.68,-0.16,0.04,18.18,1.17,djf,226.18,4.0,jja
DEC10380,2.76,-0.2,0.04,18.57,1.17,djf,230.31,4.0,jja
DEC10390,2.63,-0.12,0.04,18.2,1.17,djf,228.41,4.0,jja
DEC10410,2.66,-0.2,0.05,18.34,1.17,djf,229.4,4.0,mam
DEC10420,2.56,-0.14,0.03,17.7,1.17,djf,224.5,4.0,jja
DEC10430,2.61,-0.1,0.04,18.15,1.17,djf,229.78,4.0,jja
DEC10440,2.72,-0.15,0.05,17.76,1.17,djf,225.36,4.0,mam
DED10050,2.53,0.19,0.11,15.43,1.17,jja,200.93,4.0,son
DED10070,2.72,0.09,0.2,17.0,1.17,jja,216.92,4.0,mam
DED10220,2.28,0.14,0.1,16.35,1.17,jja,220.97,4.0,mam
DED10240,1.85,0.27,0.07,16.86,1.17,jja,237.87,4.0,mam
DED10260,2.66,0.2,0.11,17.18,1.17,jja,225.84,4.0,son
DED10290,2.64,0.15,0.23,14.44,1.17,jja,202.6,4.0,son
DED10300,1.74,0.3,0.07,16.98,1.17,jja,243.53,4.0,son
DED10320,2.21,0.19,0.08,17.72,1.17,jja,235.17,4.0,mam
DED10340,2.3,0.24,0.1,15.03,1.17,jja,206.24,4.0,son
DED10400,2.52,0.16,0.18,16.18,1.17,jja,221.63,4.0,son
DED10480,2.16,0.15,0.09,17.31,1.17,jja,232.28,4.0,mam
DED10530,1.94,0.23,0.08,16.66,1.17,jja,228.74,4.0,son
DED10620,2.06,0.16,0.08,17.7,1.17,jja,235.92,4.0,mam
DED10640,2.1,0.21,0.09,16.22,1.17,jja,224.22,4.0,mam
DED10690,1.93,0.25,0.08,17.27,1.17,jja,240.36,4.0,mam
DED10700,2.22,0.24,0.09,16.29,1.17,jja,229.86,4.0,son
DED10830,2.28,0.26,0.09,15.2,1.17,jja,206.33,4.0,son
DED10860,2.19,0.21,0.08,17.97,1.17,jja,237.94,4.0,son
DED10890,1.87,0.28,0.08,17.64,1.17,jja,244.86,4.0,son
DED10920,2.37,0.27,0.08,16.61,1.17,jja,232.17,4.0,son
DED10970,1.89,0.28,0.08,17.64,1.17,jja,242.86,4.0,mam
DED11050,1.86,0.21,0.07,17.67,1.17,jja,241.25,4.0,mam
DED11120,2.02,0.26,0.07,17.27,1.17,jja,232.95,4.0,mam
DED11150,2.15,0.25,0.1,17.07,1.17,jja,232.46,4.0,son
DED11190,2.36,0.17,0.11,15.22,1.17,jja,201.56,4.0,son
DED11280,1.67,0.22,0.06,18.22,1.17,jja,249.89,4.0,mam
DED11370,1.73,0.3,0.05,18.26,1.17,jja,252.47,4.0,mam
DED11420,1.63,0.2,0.06,17.31,1.17,jja,252.52,4.0,mam
DED11450,2.05,0.25,0.07,17.96,1.17,jja,240.24,4.0,son
DED11460,2.22,0.26,0.12,16.85,1.17,jja,229.28,4.0,son
DED11480,1.68,0.2,0.05,17.27,1.17,jja,252.29,4.0,mam
DED11490,1.62,0.23,0.04,17.92,1.17,jja,254.17,4.0,mam
DED11510,1.64,0.21,0.05,17.6,1.17,jja,242.37,4.0,mam
DED11540,1.82,0.33,0.07,17.22,1.17,jja,238.76,4.0,son
DED11610,1.85,0.2,0.07,15.56,1.17,jja,217.13,4.0,mam
DED11620,1.75,0.27,0.05,18.21,1.17,jja,251.9,4.0,mam
DED11640,2.14,0.28,0.08,14.61,1.17,jja,196.28,4.0,son
DED11660,2.03,0.2,0.09,17.24,1.17,jja,238.28,4.0,mam
DED11690,2.71,0.2,0.11,18.17,1.17,jja,231.39,4.0,son
DED11720,2.51,0.12,0.1,17.74,1.17,jja,229.9,4.0,mam
DED11790,1.75,0.18,0.06,17.86,1.17,jja,246.56,4.0,mam
DED11810,1.78,0.31,0.06,18.11,1.17,jja,251.5,4.0,mam
DED11820,2.01,0.19,0.08,16.61,1.17,jja,230.87,4.0,mam
DED11840,1.81,0.25,0.06,15.29,1.17,jja,218.64,4.0,mam
DED11960,2.01,0.19,0.07,17.43,1.17,jja,240.17,4.0,mam
DED11980,2.21,0.14,0.07,17.03,1.17,jja,221.21,4.0,mam
DED11990,1.75,0.27,0.05,18.03,1.17,jja,252.74,4.0,mam
DED12030,2.02,0.11,0.05,19.45,1.17,jja,244.91,4.0,mam
DED12100,1.92,0.25,0.09,15.02,1.17,jja,209.13,4.0,son
DED12110,1.96,0.24,0.09,17.15,1.17,jja,234.04,4.0,mam
DED12180,2.51,0.22,0.13,16.78,1.17,jja,223.41,4.0,mam
DED12320,1.93,0.17,0.07,17.34,1.17,jja,243.49,4.0,mam
DED12340,1.84,0.35,0.06,18.7,1.17,jja,251.53,4.0,mam
DED12370,1.68,0.2,0.06,17.41,1.17,jja,247.54,4.0,mam
DED12430,2.05,0.25,0.07,17.7,1.17,jja,242.33,4.0,mam
DED12470,1.83,0.31,0.06,16.05,1.17,jja,219.63,4.0,son
DED12500,1.87,0.27,0.07,18.09,1.17,jja,244.21,4.0,son
DED12510,2.62,0.13,0.18,16.76,1.17,jja,222.11,4.0,son
DED12520,1.9,0.28,0.08,17.24,1.17,jja,241.9,4.0,mam
DED12530,1.66,0.19,0.05,17.36,1.17,jja,234.52,4.0,mam
DED12570,1.89,0.17,0.07,17.75,1.17,jja,242.08,4.0,mam
DED12660,1.96,0.24,0.08,17.95,1.17,jja,245.59,4.0,mam
DED12680,2.59,0.16,0.17,16.46,1.17,jja,221.02,4.0,son
DED12710,1.92,0.19,0.07,17.33,1.17,jja,241.93,4.0,mam
DEE10000,1.61,0.19,0.05,18.11,1.17,jja,243.54,4.0,mam
DEE10010,1.54,0.17,0.05,18.53,1.17,jja,254.57,4.0,mam
DEE10020,1.58,0.15,0.05,18.37,1.17,jja,251.81,4.0,mam
DEE10030,1.57,0.16,0.05,18.37,1.17,jja,251.57,4.0,mam
DEE10040,1.66,0.15,0.05,17.63,1.17,jja,241.13,4.0,mam
DEE10050,1.6,0.16,0.05,18.04,1.17,jja,252.87,4.0,mam
DEE10070,2.05,0.13,0.08,15.59,1.17,jja,222.81,4.0,son
DEE10090,1.69,0.13,0.06,18.13,1.17,jja,250.63,4.0,mam
DEE10100,1.75,0.14,0.06,18.84,1.17,jja,247.94,4.0,mam
DEE10120,1.62,0.21,0.05,18.77,1.17,jja,251.22,4.0,mam
DEE10160,1.69,0.23,0.05,16.47,1.17,jja,237.72,4.0,mam
DEE10170,1.7,0.19,0.07,15.58,1.17,jja,233.97,4.0,son
DEE10190,2.12,-0.04,0.08,12.79,1.17,jja,178.58,4.0,mam
DEE10200,2.0,0.03,0.08,15.71,1.17,jja,228.94,4.0,mam
DEE10210,2.21,-0.05,0.13,15.53,1.17,djf,212.9,4.0,jja
DEE10230,1.94,0.09,0.08,16.29,1.17,jja,219.82,4.0,mam
DEE10240,1.69,0.13,0.08,15.73,1.17,jja,216.38,4.0,mam
DEE10250,1.58,0.23,0.06,17.5,1.17,jja,243.61,4.0,mam
DEE10260,1.46,0.26,0.06,17.42,1.17,jja,250.37,4.01,mam
DEE10270,1.66,0.23,0.06,18.19,1.17,jja,253.23,4.01,son
DEE10280,1.65,0.33,0.06,15.75,1.17,jja,224.55,4.01,son
DEE10290,1.57,0.35,0.06,14.82,1.17,jja,206.89,4.01,mam
DEE10310,1.4,0.35,0.05,18.32,1.17,jja,252.97,4.01,mam
DEE10340,1.75,0.35,0.05,17.42,1.17,jja,249.23,4.01,son
DEE10350,1.47,0.35,0.04,18.89,1.17,jja,262.43,4.01,mam
DEE10360,1.49,0.31,0.05,18.46,1.17,jja,261.33,4.01,mam
DEE10370,1.45,0.27,0.07,15.67,1.17,jja,225.74,4.01,son
DEE10380,1.5,0.2,0.07,18.0,1.17,jja,258.15,4.01,mam
DEE10390,1.48,0.34,0.05,19.2,1.17,jja,265.04,4.01,mam
DEE10400,1.46,0.27,0.06,17.85,1.17,jja,250.9,4.01,son
DEE10410,1.38,0.29,0.06,19.13,1.17,jja,265.8,4.01,son
DEE10420,1.91,-0.01,0.1,18.22,1.17,jja,241.0,4.01,mam
DEE10430,1.79,0.07,0.11,18.06,1.17,jja,242.54,4.01,son
DEE10440,1.72,0.09,0.1,16.82,1.17,jja,235.58,4.01,son
DEE10450,1.59,0.17,0.09,17.44,1.17,jja,248.81,4.01,son
DEE10460,1.65,0.19,0.09,11.25,1.17,jja,158.36,4.01,son
DEE10470,1.54,0.21,0.09,16.84,1.17,jja,239.43,4.01,son
DEE10480,1.43,0.29,0.05,14.82,1.17,jja,216.97,4.01,mam
DEE10520,3.21,-0.21,0.16,14.96,1.17,djf,198.75,4.01,mam
DEE10530,2.75,-0.16,0.14,15.98,1.17,djf,212.03,4.01,mam
DEE10540,2.62,-0.14,0.12,15.55,1.17,djf,213.56,4.01,mam
DEE10550,2.11,-0.02,0.1,16.1,1.17,jja,224.6,4.01,mam
DEE10560,1.89,0.08,0.09,15.7,1.17,jja,225.18,4.01,son
DEE10570,1.73,0.15,0.07,15.91,1.17,jja,236.45,4.01,son
DEE10580,1.72,0.15,0.05,16.36,1.17,jja,237.73,4.01,mam
DEE10590,3.36,-0.19,0.17,15.8,1.17,djf,205.01,4.01,jja
DEE10600,3.18,-0.18,0.17,14.78,1.17,djf,195.39,4.01,mam
DEE10610,3.85,-0.17,0.25,14.51,1.17,djf,191.54,4.01,jja
DEE10620,3.47,-0.2,0.2,14.98,1.17,djf,200.77,4.01,jja
DEE10630,2.63,-0.14,0.15,15.06,1.17,djf,198.86,4.01,mam
DEE10640,2.14,-0.09,0.13,13.0,1.17,djf,175.8,4.01,mam
DEE10660,2.07,-0.0,0.09,18.0,1.17,jja,242.95,4.01,mam
DEE10670,2.02,-0.01,0.13,17.45,1.17,jja,236.58,4.01,mam
DEE10680,1.88,0.05,0.12,17.36,1.17,jja,239.84,4.01,mam
DEE10690,1.6,0.17,0.07,17.62,1.17,jja,247.65,4.01,mam
DEE10700,1.89,0.09,0.08,16.97,1.17,jja,232.95,4.01,mam
DEE10710,3.69,-0.17,0.24,14.41,1.17,djf,193.69,4.01,jja
DEE10720,3.35,-0.16,0.18,14.22,1.17,djf,192.35,4.01,jja
DEE10730,1.98,0.03,0.08,17.13,1.17,jja,234.66,4.01,mam
DEE10740,1.83,0.11,0.06,16.46,1.17,jja,226.36,4.01,mam
DEE10760,2.26,-0.04,0.12,16.97,1.17,djf,218.89,4.01,jja
DEE10790,1.58,0.18,0.07,18.47,1.17,jja,254.62,4.01,mam
DEE10810,1.61,0.2,0.04,17.73,1.17,jja,248.25,4.01,mam
DEE10830,1.52,0.19,0.05,18.5,1.17,jja,255.73,4.01,mam
DEE10840,1.55,0.26,0.05,18.22,1.17,jja,254.97,4.01,mam
DEE10850,1.59,0.19,0.05,16.86,1.17,jja,232.66,4.01,mam
DEE10880,1.52,0.26,0.04,18.47,1.17,jja,257.03,4.01,mam
DEE10890,1.52,0.25,0.04,18.21,1.17,jja,257.08,4.01,mam
DEE10900,1.57,0.23,0.04,19.1,1.17,jja,259.84,4.01,mam
DEE10910,1.59,0.17,0.05,17.83,1.17,jja,250.58,4.01,mam
DEE10920,1.64,0.21,0.04,17.1,1.17,jja,233.83,4.01,mam
DEE10930,1.63,0.21,0.05,18.36,1.17,jja,252.56,4.01,mam
DEE10940,1.68,0.21,0.06,18.72,1.17,jja,248.93,4.01,mam
DEE10950,1.45,0.27,0.05,14.18,1.17,jja,195.81,4.01,mam
DEE10960,1.58,0.2,0.05,16.02,1.17,jja,217.57,4.01,mam
DEE10970,1.49,0.2,0.05,18.94,1.17,jja,255.98,4.01,mam
DEE10980,1.78,0.1,0.04,17.93,1.17,jja,241.79,4.01,mam
DEE11020,1.51,0.2,0.05,18.67,1.17,jja,256.2,4.01,mam
DEE11030,1.53,0.26,0.04,18.27,1.17,jja,254.29,4.01,mam
DEE11050,1.53,0.24,0.04,18.58,1.17,jja,256.74,4.01,mam
DEE11060,1.57,0.27,0.04,18.7,1.17,jja,249.53,4.01,mam
DEE11070,1.49,0.22,0.04,15.63,1.17,jja,230.84,4.01,mam
DEE11090,1.54,0.17,0.04,18.38,1.17,jja,254.62,4.01,mam
DEE11100,1.54,0.29,0.04,18.64,1.17,jja,257.78,4.01,mam
DEE11110,1.56,0.27,0.04,18.5,1.17,jja,255.36,4.01,mam
DEE11120,1.53,0.29,0.04,19.11,1.17,jja,254.08,4.01,mam
DEE11130,1.6,0.23,0.04,17.73,1.17,jja,248.17,4.01,mam
DEE11140,1.53,0.25,0.04,18.72,1.17,jja,256.48,4.01,mam
DEE11150,1.53,0.24,0.04,17.93,1.17,jja,256.06,4.01,mam
DEE11160,1.53,0.25,0.04,17.82,1.17,jja,255.54,4.01,mam
DEE11170,1.49,0.21,0.05,17.68,1.17,jja,252.81,4.01,mam
DEE11200,1.66,0.15,0.04,16.58,1.17,jja,235.81,4.01,mam
DEE11210,1.72,0.19,0.04,17.24,1.17,jja,243.9,4.01,mam
DEE11220,1.66,0.18,0.04,17.73,1.17,jja,248.42,4.02,mam
DEE11230,1.71,0.13,0.03,13.62,1.17,jja,187.25,4.02,mam
DEE11250,1.58,0.21,0.04,18.0,1.17,jja,252.54,4.02,mam
DEF10110,2.22,0.05,0.03,17.97,1.17,jja,229.63,4.02,mam
DEF10160,2.46,0.19,0.03,15.25,1.17,jja,210.98,4.02,mam
DEF10190,2.49,0.1,0.03,15.77,1.17,jja,221.7,4.02,mam
DEF10220,2.32,0.06,0.03,16.61,1.17,jja,225.18,4.02,mam
DEF10230,2.37,0.02,0.03,17.0,1.17,jja,223.24,4.02,mam
DEF10240,2.31,0.04,0.03,16.72,1.17,jja,226.01,4.02,mam
DEF10250,2.02,0.11,0.03,16.24,1.17,jja,233.01,4.02,mam
DEF10280,2.36,0.08,0.03,16.86,1.17,jja,223.59,4.02,mam
DEF10380,2.25,0.1,0.03,17.34,1.17,jja,229.53,4.02,mam
DEF10440,2.36,0.08,0.03,16.73,1.17,jja,224.1,4.02,mam
DEF10460,2.39,0.08,0.02,16.65,1.17,jja,223.85,4.02,mam
DEF10480,2.37,0.07,0.03,16.61,1.17,jja,217.02,4.02,mam
DEF10510,2.4,0.14,0.03,16.61,1.17,jja,226.91,4.02,mam
DEF10600,2.37,0.05,0.03,16.94,1.17,jja,224.84,4.02,mam
DEF10640,2.06,0.07,0.04,18.29,1.17,jja,236.81,4.02,mam
DEF10670,2.39,0.04,0.03,17.14,1.17,jja,225.44,4.02,mam
DEF10710,2.2,0.06,0.03,17.92,1.17,jja,230.47,4.02,mam
DEF10720,2.39,0.1,0.03,16.71,1.17,jja,226.54,4.02,mam
DEF10790,2.36,0.09,0.03,17.35,1.17,jja,230.11,4.02,mam
DEF10830,2.58,0.14,0.03,16.2,1.17,jja,218.64,4.02,mam
DEF10920,2.55,0.1,0.02,16.62,1.17,jja,214.97,4.02,mam
DEF10930,2.46,0.12,0.03,16.29,1.17,,223.5,4.02,mam
DEF10980,2.47,0.07,0.03,16.37,1.17,jja,224.81,4.02,mam
DEF11020,2.31,0.01,0.03,14.19,1.17,djf,183.1,4.01,mam
DEF11050,2.58,0.14,0.03,15.59,1.17,jja,220.77,4.01,mam
DEF11060,2.42,0.11,0.03,16.43,1.17,jja,225.04,4.01,mam
DEF11070,2.51,0.11,0.03,12.4,1.17,jja,166.52,4.01,mam
DEF11220,2.58,0.21,0.04,15.83,1.17,jja,222.37,4.01,mam
DEF11240,2.34,0.05,0.03,17.12,1.17,jja,228.21,4.01,mam
DEF11250,2.33,0.02,0.03,16.66,1.17,jja,223.97,4.01,mam
DEF11280,2.39,0.15,0.03,16.64,1.17,jja,226.25,4.01,mam
DEF11310,2.48,0.15,0.03,14.29,1.17,jja,217.44,4.01,mam
DEF11320,2.37,0.18,0.03,14.55,1.17,jja,209.18,4.01,mam
DEF11360,2.42,0.14,0.03,15.94,1.17,jja,210.01,4.01,mam
DEF11420,2.14,0.12,0.04,17.58,1.17,jja,233.53,4.01,mam
DEF11430,2.39,0.07,0.03,16.86,1.17,son,228.13,4.01,mam
DEF11510,2.43,0.12,0.03,17.11,1.17,jja,222.21,4.01,mam
DEF11570,2.33,0.09,0.02,14.71,1.17,jja,199.46,4.01,mam
DEF11730,2.16,0.12,0.02,17.29,1.17,jja,229.41,4.01,mam
DEF11750,2.27,0.04,0.03,15.16,1.17,jja,197.98,4.01,mam
DEF11760,2.08,0.06,0.04,17.74,1.17,jja,233.36,4.01,mam
DEF11770,2.33,0.05,0.03,16.6,1.17,jja,221.56,4.01,mam
DEF11780,2.0,0.13,0.04,16.71,1.17,jja,237.24,4.01,mam
DEF11820,2.11,0.03,0.04,13.29,1.17,jja,188.65,4.01,mam
DEF11900,2.3,0.08,0.03,17.52,1.17,jja,226.84,4.01,mam
DEF11950,2.24,0.17,0.02,17.08,1.17,jja,230.47,4.01,mam
DEF11970,2.37,0.04,0.03,16.48,1.17,son,227.59,4.01,mam
DEF12040,2.35,0.09,0.02,16.88,1.17,jja,225.39,4.01,mam
DEF12080,2.56,0.21,0.03,14.67,1.17,jja,205.16,4.01,mam
DEF12090,2.38,0.09,0.03,16.54,1.17,jja,223.81,4.01,mam
DEF12170,2.34,0.07,0.03,13.86,1.17,jja,190.3,4.01,mam
DEF12200,2.06,0.09,0.03,16.0,1.17,jja,231.23,4.01,mam
DEF12210,2.09,0.09,0.03,15.59,1.17,jja,227.72,4.01,mam
DEF12330,2.2,0.13,0.02,17.52,1.17,jja,228.09,4.01,mam
DEF12340,2.23,0.12,0.03,16.96,1.17,jja,225.77,4.01,mam
DEF12360,2.07,0.15,0.03,16.96,1.17,jja,235.79,4.01,mam
DEF12450,2.28,0.1,0.03,16.76,1.17,jja,225.41,4.01,mam
DEF12460,2.44,0.15,0.04,16.17,1.17,jja,221.05,4.01,mam
DEF12540,2.49,0.2,0.02,16.07,1.17,jja,222.73,4.01,mam
DEF12550,2.43,0.04,0.03,16.79,1.17,son,223.71,4.01,mam
DEF12650,1.88,0.16,0.03,13.4,1.17,jja,187.27,4.01,mam
DEF12680,2.12,0.07,0.04,15.28,1.17,jja,203.02,4.01,mam
DEF12700,2.04,0.09,0.03,17.83,1.17,jja,236.67,4.01,mam
DEF12710,2.03,0.08,0.04,16.74,1.17,jja,235.76,4.01,mam
DEF12720,2.41,0.13,0.03,15.59,1.17,jja,212.01,4.01,mam
DEF12730,2.51,0.18,0.03,16.59,1.17,jja,223.19,4.01,mam
DEF12770,2.04,0.14,0.04,16.4,1.17,jja,234.73,4.01,mam
DEF12830,2.67,0.09,0.03,16.04,1.17,jja,217.41,4.01,mam
DEF12840,2.47,0.22,0.03,13.05,1.17,jja,183.93,4.01,mam
DEF12940,2.43,0.07,0.03,16.83,1.17,jja,226.3,4.01,mam
DEF12960,2.32,0.06,0.03,17.32,1.17,jja,226.58,4.01,mam
DEF12980,2.22,0.06,0.04,18.17,1.17,jja,230.64,4.01,mam
DEF13040,2.5,0.16,0.03,16.32,1.17,jja,220.81,4.01,mam
DEF13080,2.3,0.12,0.03,16.9,1.17,jja,226.78,4.01,mam
DEF13090,2.37,0.17,0.03,14.5,1.17,jja,206.04,4.01,mam
DEF13110,2.05,0.06,0.03,17.94,1.17,jja,235.13,4.01,mam
DEF13120,2.16,0.06,0.04,16.0,1.17,jja,227.1,4.01,mam
DEF13130,2.57,0.14,0.03,16.72,1.17,jja,226.24,4.01,mam
DEF13180,2.16,0.09,0.04,16.45,1.17,jja,227.63,4.01,mam
DEF13200,2.21,0.17,0.05,16.59,1.17,jja,226.64,4.01,mam
DEF13210,2.14,0.09,0.03,17.25,1.17,jja,229.28,4.01,mam
DEF13240,2.35,0.08,0.03,16.09,1.17,jja,223.58,4.01,mam
DEF13250,2.38,0.05,0.03,16.37,1.17,jja,224.44,4.01,mam
DEF13390,2.04,0.08,0.04,16.12,1.17,jja,216.47,4.01,mam
DEF13410,2.11,0.1,0.03,16.23,1.17,jja,229.61,4.01,mam
DEF13450,2.19,0.07,0.03,17.74,1.17,jja,228.9,4.01,mam
DEF13480,2.06,0.12,0.03,16.69,1.17,jja,227.11,4.01,mam
DEF13490,2.24,0.11,0.02,17.34,1.17,jja,230.16,4.01,mam
DEF13560,2.14,0.06,0.03,17.34,1.17,jja,228.73,4.01,mam
DEF13580,2.23,0.1,0.02,17.6,1.17,jja,229.27,4.01,mam
DEF13590,2.3,0.09,0.03,17.49,1.17,jja,227.76,4.01,mam
DEF13620,2.45,0.08,0.02,17.17,1.17,jja,224.56,4.01,mam
DEF13680,2.16,0.05,0.03,17.69,1.17,jja,229.96,4.01,mam
DEF13710,2.39,0.09,0.03,16.86,1.17,jja,223.73,4.01,mam
DEF13760,2.15,0.05,0.03,17.21,1.17,jja,228.87,4.01,mam
DEF13790,2.63,0.14,0.03,15.94,1.17,jja,211.36,4.01,mam
DEF13980,2.08,0.13,0.03,15.15,1.17,jja,218.23,4.01,mam
DEF14050,2.17,0.07,0.03,16.4,1.17,jja,226.16,4.01,mam
DEF14080,2.09,0.1,0.04,16.0,1.17,jja,230.01,4.01,mam
DEF14090,1.99,0.05,0.03,17.6,1.17,jja,242.23,4.01,mam
DEF14110,2.51,0.16,0.04,14.7,1.17,jja,219.06,4.01,mam
DEF14120,2.47,0.11,0.03,16.37,1.17,jja,225.16,4.01,mam
DEF14130,2.47,0.07,0.03,16.56,1.17,jja,224.19,4.01,mam
DEF14170,2.35,0.11,0.03,16.77,1.17,jja,225.87,4.01,mam
DEF14200,2.51,0.17,0.02,15.52,1.17,jja,218.21,4.01,mam
DEF14230,2.47,0.25,0.04,17.23,1.17,jja,227.42,4.01,mam
DEF14320,2.22,0.1,0.03,16.65,1.17,jja,218.19,4.01,mam
DEF14350,2.62,0.1,0.03,17.17,1.17,jja,220.56,4.01,mam
DEF14440,2.45,0.1,0.03,16.83,1.17,jja,223.44,4.01,mam
DEF14500,2.46,0.09,0.03,16.34,1.17,jja,223.44,4.01,mam
DEF14550,2.13,0.06,0.03,17.38,1.17,jja,231.91,4.01,mam
DEF14580,2.38,0.06,0.03,17.32,1.17,jja,226.98,4.01,mam
DEF14770,2.15,0.11,0.02,17.83,1.17,jja,230.67,4.01,mam
DEF14820,1.95,0.08,0.03,16.0,1.17,jja,222.88,4.01,mam
DEF14840,2.66,0.11,0.03,16.54,1.17,jja,219.93,4.01,mam
DEF14890,2.32,0.09,0.03,17.29,1.17,jja,226.58,4.01,mam
DEF14940,2.38,0.07,0.03,16.29,1.17,jja,223.47,4.01,mam
DEF14990,2.03,0.09,0.03,17.83,1.17,jja,236.99,4.01,mam
DEF15060,2.3,0.06,0.03,17.23,1.17,jja,226.64,4.01,mam
DEF15070,2.01,0.13,0.04,16.17,1.17,jja,221.38,4.01,mam
DEF15080,2.0,0.08,0.03,17.14,1.17,jja,233.81,4.01,mam
DEG10000,2.0,0.08,0.08,17.04,1.17,jja,234.61,4.01,mam
DEG10010,1.94,0.12,0.07,16.9,1.17,jja,233.99,4.01,son
DEG10020,2.46,0.04,0.12,15.74,1.17,jja,219.83,4.01,son
DEG10050,2.0,0.08,0.08,17.0,1.17,jja,232.39,4.01,mam
DEG10060,2.3,0.02,0.1,14.86,1.17,jja,215.75,4.01,mam
DEG10080,2.4,-0.0,0.09,16.93,1.17,jja,225.66,4.01,mam
DEG10090,1.69,0.31,0.08,17.0,1.17,jja,244.49,4.01,son
DEG10100,1.64,0.26,0.07,16.99,1.17,jja,245.97,4.01,son
DEG10110,2.13,0.11,0.08,15.68,1.17,jja,227.35,4.01,son
DEG10120,1.81,0.3,0.09,16.38,1.17,jja,231.78,4.01,son
DEG10130,2.82,-0.07,0.16,15.14,1.17,djf,200.18,4.01,mam
DEG10140,2.54,0.03,0.13,15.07,1.17,jja,212.28,4.01,mam
DEG10150,2.02,0.15,0.09,15.51,1.17,jja,228.44,4.01,son
DEG10160,2.1,0.1,0.08,14.36,1.17,jja,218.15,4.01,son
DEG10170,1.7,0.37,0.08,17.58,1.17,jja,245.38,4.01,son
DEG10200,2.73,0.01,0.13,15.65,1.17,jja,209.83,4.01,son
DEG10220,3.13,-0.09,0.17,15.59,1.17,djf,208.33,4.01,jja
DEG10230,2.18,0.08,0.09,14.33,1.17,jja,216.74,4.01,son
DEG10240,1.82,0.33,0.07,17.25,1.17,jja,242.36,4.01,son
DEG10250,2.64,-0.01,0.16,15.72,1.17,djf,213.12,4.01,son
DEG10270,1.73,0.3,0.07,17.24,1.17,jja,248.63,4.01,son
DEG10280,1.8,0.1,0.08,16.81,1.17,jja,236.51,4.01,son
DEG10290,1.99,0.11,0.07,15.64,1.17,jja,212.88,4.01,son
DEG10300,2.98,-0.07,0.17,16.22,1.17,djf,210.36,4.01,mam
DEG10310,2.38,-0.07,0.13,16.46,1.17,djf,222.61,4.01,mam
DEG10320,2.08,0.12,0.09,15.9,1.17,jja,228.06,4.01,son
DEG10330,3.02,-0.09,0.19,16.88,1.17,djf,211.45,4.01,mam
DEG10350,2.27,0.11,0.13,16.1,1.17,jja,222.36,4.01,son
DEG10360,1.84,0.26,0.1,17.56,1.17,jja,241.78,4.01,son
DEG10370,2.37,0.03,0.11,15.0,1.17,jja,215.21,4.01,mam
DEG10380,1.98,0.19,0.1,15.35,1.17,jja,227.22,4.01,son
DEG10390,2.4,0.1,0.11,15.49,1.17,jja,219.59,4.01,son
DEG10400,1.88,0.29,0.11,16.96,1.17,jja,237.63,4.01,son
DEG10410,3.0,-0.13,0.13,17.25,1.17,djf,216.14,4.01,mam
DEG10420,1.74,0.16,0.07,16.75,1.17,jja,239.71,4.01,son
DEG10430,1.86,0.23,0.09,15.51,1.17,jja,230.9,4.01,son
DEG10440,2.46,-0.08,0.1,16.23,1.17,djf,219.11,4.01,mam
DEG10450,1.69,0.22,0.07,15.71,1.17,jja,236.03,4.01,son
DEG10460,2.55,0.02,0.12,16.59,1.17,jja,220.07,4.01,mam
DEG10470,2.75,-0.05,0.15,16.04,1.17,djf,213.34,4.01,mam
DEG10510,2.8,-0.08,0.15,16.16,1.17,djf,212.37,4.01,mam
DEG10520,2.69,-0.04,0.14,15.78,1.17,,216.43,4.01,mam
DEG10530,3.3,-0.13,0.2,17.49,1.17,djf,211.67,4.01,jja
DEG10540,1.79,0.17,0.07,15.58,1.17,jja,231.83,4.01,son
DEG10550,2.93,-0.02,0.17,15.26,1.17,jja,209.99,4.01,mam
DEG10560,1.85,0.05,0.06,16.6,1.17,jja,236.99,4.01,son
DEG10580,2.29,0.09,0.09,15.2,1.17,jja,220.52,4.01,son
DEG10590,2.21,0.06,0.1,14.65,1.17,jja,216.96,4.01,son
DEG10600,1.62,0.15,0.08,17.31,1.17,jja,245.11,4.01,son
DEG10610,1.8,0.31,0.09,17.32,1.17,jja,242.87,4.01,son
DEG10620,1.94,0.1,0.08,16.32,1.17,jja,229.77,4.01,son
