gauge_id,training_perc_complete,validation_perc_complete,testing_perc_complete,NSE_lstm,NSE_hbv
DE110000,99.71,81.71,100.0,0.931,0.819
DE110010,99.43,100.0,95.08,0.819,-0.026
DE110020,100.0,100.0,100.0,0.936,0.801
DE110030,100.0,100.0,100.0,0.913,0.777
DE110040,100.0,100.0,100.0,0.859,0.602
DE110060,100.0,100.0,100.0,0.892,0.783
DE110080,89.17,0.0,99.91,0.641,-1.533
DE110090,98.85,78.31,100.0,0.888,0.786
DE110100,92.87,0.0,100.0,0.927,0.807
DE110120,89.45,0.0,100.0,0.822,0.542
DE110130,100.0,100.0,100.0,0.814,0.615
DE110140,100.0,100.0,100.0,0.852,0.71
DE110150,88.87,0.0,100.0,0.925,0.781
DE110160,86.99,0.0,100.0,0.854,0.767
DE110170,100.0,100.0,100.0,0.813,0.697
DE110180,100.0,38.28,99.97,0.885,0.771
DE110190,100.0,100.0,99.96,0.849,0.729
DE110200,82.62,0.0,99.99,0.878,0.73
DE110210,57.82,0.0,100.0,0.866,0.704
DE110220,14.25,0.0,100.0,0.746,0.625
DE110250,100.0,100.0,100.0,0.859,0.745
DE110260,100.0,100.0,99.99,0.864,0.769
DE110270,96.29,100.0,47.18,0.921,0.824
DE110280,100.0,100.0,100.0,0.902,0.834
DE110290,100.0,100.0,100.0,0.849,0.672
DE110300,100.0,100.0,100.0,0.784,0.69
DE110310,100.0,100.0,100.0,0.926,0.834
DE110320,100.0,100.0,100.0,0.905,0.808
DE110330,86.33,100.0,100.0,0.89,0.822
DE110340,96.29,0.0,100.0,0.828,0.733
DE110350,100.0,100.0,100.0,0.866,0.707
DE110360,99.65,100.0,100.0,0.882,0.714
DE110370,100.0,100.0,100.0,0.904,0.791
DE110380,60.41,0.0,100.0,0.893,0.796
DE110390,100.0,100.0,83.56,0.097,-0.045
DE110400,100.0,100.0,79.24,0.832,0.725
DE110410,100.0,100.0,100.0,0.856,0.568
DE110420,100.0,100.0,99.94,0.906,0.78
DE110430,65.52,0.0,99.96,0.87,0.742
DE110440,97.69,100.0,99.99,0.816,0.719
DE110450,96.01,98.36,99.99,0.759,0.654
DE110460,100.0,100.0,100.0,0.909,0.866
DE110470,100.0,78.31,85.1,0.819,0.43
DE110480,100.0,100.0,91.74,0.882,0.774
DE110490,100.0,58.32,100.0,0.842,0.609
DE110500,100.0,100.0,99.94,0.863,0.737
DE110510,100.0,100.0,100.0,0.837,0.764
DE110520,100.0,100.0,100.0,0.897,0.836
DE110530,100.0,100.0,100.0,0.878,0.825
DE110540,100.0,100.0,99.96,0.71,0.613
DE110550,100.0,100.0,99.96,0.9,0.775
DE110560,95.55,100.0,100.0,0.82,0.694
DE110570,100.0,100.0,100.0,0.875,0.811
DE110600,86.04,0.0,100.0,0.826,0.514
DE110610,53.43,0.0,100.0,0.895,0.774
DE110620,68.94,0.0,100.0,0.848,0.704
DE110640,62.1,0.0,99.97,0.864,0.769
DE110650,70.38,0.0,100.0,0.757,0.211
DE110660,65.52,0.0,100.0,0.907,0.74
DE110670,76.07,0.0,99.83,0.544,-1.478
DE110680,65.52,0.0,100.0,0.901,0.761
DE110690,62.1,0.0,100.0,0.91,0.789
DE110700,58.69,0.0,100.0,0.855,0.488
DE110710,51.84,0.0,99.99,0.797,0.666
DE110730,56.99,0.0,100.0,0.807,0.705
DE110750,55.27,0.0,100.0,0.853,0.746
DE110780,45.01,0.0,100.0,0.755,0.387
DE110790,45.01,0.0,99.94,0.81,0.599
DE110810,48.43,0.0,100.0,0.767,0.691
DE110820,38.17,0.0,100.0,0.77,0.558
DE110830,34.75,0.0,99.96,0.698,0.487
DE110840,17.66,0.0,100.0,0.749,0.588
DE110860,27.35,0.0,100.0,0.8,0.535
DE110870,41.02,0.0,100.0,0.787,0.692
DE110880,3.44,0.0,100.0,0.612,0.286
DE110900,31.34,0.0,100.0,0.93,0.809
DE110920,100.0,100.0,100.0,0.864,0.799
DE110930,99.43,54.98,0.0,,
DE110940,100.0,18.29,100.0,0.839,0.653
DE110950,65.52,0.0,100.0,0.907,0.744
DE110960,100.0,100.0,99.97,0.878,0.774
DE110970,100.0,100.0,100.0,0.888,0.782
DE110980,100.0,100.0,99.99,0.716,0.629
DE110990,58.69,0.0,99.99,0.741,0.597
DE111000,100.0,100.0,100.0,0.866,0.679
DE111010,100.0,100.0,100.0,0.909,0.732
DE111020,100.0,100.0,98.79,0.824,0.701
DE111030,96.29,0.0,100.0,0.897,0.748
DE111040,75.78,0.0,99.96,0.899,0.731
DE111060,100.0,100.0,99.86,0.753,0.625
DE111070,100.0,100.0,100.0,0.798,0.591
DE111110,29.31,0.0,100.0,0.901,0.631
DE111120,100.0,100.0,100.0,0.856,0.76
DE111130,80.92,0.0,100.0,0.804,0.645
DE111140,72.36,0.0,99.99,0.892,0.752
DE111150,70.38,0.0,100.0,0.657,-2.136
DE111160,63.53,0.0,100.0,0.896,0.74
DE111170,62.96,0.0,100.0,0.912,0.754
DE111180,61.24,0.0,100.0,0.849,0.695
DE111190,71.5,0.0,100.0,0.858,0.754
DE111210,58.69,0.0,100.0,0.937,0.728
DE111220,60.69,0.0,100.0,0.873,0.722
DE111230,58.69,0.0,100.0,0.863,0.735
DE111240,58.11,0.0,100.0,0.883,0.723
DE111250,68.94,0.0,92.96,0.794,0.638
DE111260,62.1,0.0,100.0,0.923,0.791
DE111270,65.52,0.0,99.99,0.868,0.641
DE111280,100.0,16.65,100.0,0.871,0.816
DE111290,79.48,0.0,100.0,0.798,0.636
DE111300,70.38,0.0,99.97,0.887,0.76
DE111310,68.37,0.0,100.0,0.86,0.724
DE111320,78.92,100.0,0.0,,
DE111330,100.0,37.57,100.0,0.919,0.788
DE111340,89.45,0.0,100.0,0.735,0.655
DE111350,89.45,0.0,99.86,0.684,0.537
DE111360,100.0,100.0,100.0,0.73,0.492
DE111370,78.9,0.0,99.99,0.863,0.683
DE111380,71.24,0.0,100.0,0.836,0.664
DE111390,67.81,0.0,99.97,0.847,0.689
DE111400,68.94,0.0,99.99,0.773,0.603
DE111410,55.27,0.0,100.0,0.877,0.813
DE111420,55.27,0.0,100.0,0.803,0.737
DE111430,58.11,0.0,100.0,0.921,0.87
DE111440,45.01,0.0,100.0,0.799,0.728
DE111450,51.84,0.0,100.0,0.896,0.633
DE111460,51.84,0.0,99.99,0.914,0.714
DE111470,45.01,0.0,100.0,0.805,0.621
DE111480,51.84,0.0,100.0,0.933,0.79
DE111490,62.1,0.0,100.0,0.878,0.779
DE111500,48.43,0.0,100.0,0.834,0.778
DE111510,45.01,0.0,100.0,0.768,0.768
DE111550,67.81,0.0,100.0,0.806,0.663
DE111560,68.94,0.0,100.0,0.892,0.757
DE111570,55.27,0.0,100.0,0.781,0.803
DE111580,68.94,0.0,100.0,0.775,0.551
DE111590,63.53,0.0,100.0,0.878,0.752
DE111600,68.94,0.0,99.97,0.932,0.798
DE111610,72.36,0.0,100.0,0.893,0.786
DE111620,75.76,0.0,99.18,0.758,0.58
DE111630,65.52,0.0,99.99,0.919,0.816
DE111640,63.82,0.0,100.0,0.826,0.658
DE111650,65.52,0.0,100.0,0.913,0.802
DE111660,61.53,0.0,100.0,0.876,0.645
DE111670,59.84,0.0,100.0,0.748,0.648
DE111680,58.69,0.0,99.96,0.888,0.759
DE111690,57.27,0.0,100.0,0.86,0.469
DE111700,65.52,0.0,100.0,0.722,0.681
DE111710,65.52,0.0,98.79,0.831,0.803
DE111720,55.27,0.0,99.77,0.895,0.797
DE111730,51.84,0.0,99.99,0.912,0.758
DE111740,55.27,0.0,99.99,0.925,0.839
DE111770,45.01,0.0,86.83,0.725,0.63
DE111780,38.17,0.0,100.0,0.84,0.71
DE111790,41.59,0.0,100.0,0.842,0.655
DE111810,12.54,0.0,99.97,0.777,0.698
DE111820,38.17,0.0,100.0,0.85,0.65
DE111830,24.49,0.0,100.0,0.828,0.331
DE111840,34.75,0.0,87.61,0.775,0.605
DE111850,34.75,0.0,100.0,0.891,0.811
DE111860,27.92,0.0,99.89,0.831,0.55
DE111870,33.41,0.0,100.0,0.807,0.735
DE111880,31.34,0.0,100.0,0.861,0.724
DE111890,29.92,0.0,99.96,0.865,0.637
DE111900,28.78,0.0,100.0,0.866,0.615
DE111910,27.92,0.0,100.0,0.806,0.625
DE111920,27.92,0.0,100.0,0.894,0.764
DE111940,21.08,0.0,99.96,0.831,0.824
DE111960,27.92,0.0,100.0,0.902,0.798
DE111980,19.66,0.0,100.0,0.843,0.451
DE111990,20.22,0.0,99.99,0.724,0.523
DE112010,17.66,0.0,100.0,0.805,0.627
DE112020,18.81,0.0,100.0,-0.853,-0.815
DE112030,1.73,0.0,100.0,0.831,0.405
DE112040,14.25,0.0,100.0,0.841,0.725
DE112050,22.23,0.0,100.0,0.817,0.592
DE112060,33.89,0.0,100.0,0.79,0.681
DE112070,100.0,100.0,100.0,0.875,0.724
DE112100,7.4,0.0,100.0,0.78,0.687
DE112110,6.83,0.0,99.99,0.86,0.711
DE112120,3.99,0.0,99.96,0.697,0.323
DE112130,0.57,0.0,42.01,0.688,0.605
DE112140,0.0,0.0,99.56,-0.262,
DE112160,0.0,0.0,99.76,0.85,
DE112180,0.57,0.0,99.97,0.844,0.581
DE112200,0.0,0.0,100.0,0.885,
DE112220,0.0,0.0,94.81,0.514,
DE112260,0.0,0.0,100.0,0.848,
DE112280,0.0,0.0,95.22,0.82,
DE112310,0.0,0.0,82.72,-0.691,
DE112320,0.0,0.0,93.44,0.629,
DE112330,0.0,0.0,94.81,0.912,
DE112350,0.0,0.0,97.41,0.771,
DE112360,0.0,0.0,93.73,0.738,
DE112370,0.0,0.0,94.37,0.184,
DE112380,0.0,0.0,94.37,-0.028,
DE112390,0.0,0.0,81.4,0.709,
DE112400,0.0,0.0,66.68,-3.327,
DE112410,0.0,0.0,89.18,0.899,
DE112420,0.0,0.0,62.77,0.598,
DE112450,0.0,0.0,73.59,-0.326,
DE112480,0.0,0.0,53.68,0.668,
DE112490,0.0,0.0,73.59,0.554,
DE112500,2.86,0.0,100.0,0.714,0.558
DE210300,100.0,100.0,100.0,0.661,0.552
DE210310,100.0,100.0,100.0,0.825,0.681
DE210320,100.0,100.0,100.0,0.83,0.693
DE210350,100.0,100.0,100.0,0.091,0.146
DE210370,100.0,100.0,100.0,0.832,0.694
DE210380,99.71,0.0,100.0,0.693,0.68
DE210400,72.36,0.0,100.0,0.876,0.669
DE210410,79.19,0.0,100.0,0.898,0.707
DE210420,86.04,0.0,100.0,0.918,0.727
DE210430,100.0,100.0,100.0,0.903,0.726
DE210450,100.0,100.0,100.0,0.887,0.671
DE210460,100.0,100.0,100.0,0.893,0.68
DE210470,100.0,100.0,100.0,0.776,0.558
DE210480,58.69,0.0,100.0,0.79,0.528
DE210490,68.94,0.0,100.0,0.847,0.689
DE210500,100.0,100.0,100.0,0.748,0.562
DE210510,100.0,18.29,100.0,0.817,0.711
DE210520,100.0,100.0,100.0,0.885,0.775
DE210530,74.87,0.0,100.0,0.869,0.791
DE210540,100.0,100.0,100.0,0.877,0.807
DE210550,48.43,0.0,100.0,0.812,0.643
DE210560,79.19,0.0,100.0,0.784,0.716
DE210570,68.94,0.0,100.0,0.81,0.486
DE210580,100.0,100.0,100.0,0.821,0.599
DE210590,100.0,100.0,100.0,0.857,0.628
DE210600,100.0,78.31,100.0,0.83,0.603
DE210610,100.0,100.0,100.0,0.837,0.578
DE210710,65.52,0.0,99.99,0.688,0.529
DE210720,100.0,100.0,100.0,0.71,0.571
DE210730,100.0,100.0,100.0,0.818,0.644
DE210830,100.0,100.0,100.0,0.836,0.686
DE210840,100.0,100.0,100.0,0.854,0.686
DE210860,100.0,100.0,100.0,0.81,0.669
DE210870,100.0,100.0,100.0,0.842,0.501
DE210880,100.0,100.0,100.0,0.572,0.348
DE210900,75.78,0.0,100.0,0.51,-0.518
DE210910,51.84,0.0,100.0,0.812,0.626
DE210920,100.0,100.0,100.0,0.875,0.546
DE210940,100.0,100.0,100.0,0.824,0.637
DE210950,100.0,18.29,100.0,0.756,0.576
DE210960,100.0,100.0,90.03,0.748,0.527
DE210970,68.94,0.0,100.0,0.688,0.467
DE211000,100.0,58.32,100.0,0.794,0.552
DE211010,100.0,100.0,100.0,0.685,0.53
DE211030,41.59,0.0,100.0,0.71,0.439
DE211040,100.0,98.3,100.0,0.792,0.674
DE211050,100.0,38.28,100.0,0.721,0.67
DE211060,82.62,0.0,100.0,0.798,0.805
DE211070,100.0,100.0,100.0,0.875,0.843
DE211080,100.0,100.0,100.0,0.918,0.837
DE211090,51.84,0.0,100.0,0.892,0.786
DE211100,100.0,78.31,100.0,0.806,0.665
DE211110,100.0,100.0,100.0,0.857,0.723
DE211120,100.0,100.0,100.0,0.885,0.767
DE211130,58.69,0.0,100.0,0.77,0.706
DE211150,100.0,100.0,100.0,0.819,0.735
DE211160,100.0,100.0,100.0,0.815,0.551
DE211250,0.0,0.0,95.82,0.449,
DE211260,100.0,100.0,100.0,0.91,0.792
DE211270,0.0,0.0,61.5,0.366,
DE211280,0.0,0.0,60.4,0.457,
DE211290,79.19,0.0,100.0,0.879,0.774
DE211310,100.0,100.0,100.0,0.893,0.789
DE211320,100.0,100.0,100.0,0.83,0.746
DE211450,100.0,100.0,100.0,0.854,0.746
DE211460,100.0,100.0,100.0,0.829,0.633
DE211470,100.0,100.0,100.0,0.876,0.683
DE211490,100.0,100.0,100.0,0.872,0.609
DE211500,100.0,100.0,100.0,0.589,0.342
DE211510,100.0,100.0,100.0,0.839,0.659
DE211580,82.62,0.0,100.0,0.799,0.668
DE211620,100.0,100.0,100.0,0.882,0.731
DE211700,86.04,0.0,100.0,0.839,0.711
DE211720,100.0,100.0,100.0,0.789,0.697
DE211730,100.0,100.0,100.0,0.836,0.705
DE211740,72.36,0.0,100.0,0.684,0.349
DE211760,100.0,100.0,100.0,0.636,0.517
DE211770,68.94,0.0,100.0,0.754,0.277
DE211780,65.52,0.0,100.0,0.688,0.449
DE211790,62.1,0.0,100.0,0.579,0.429
DE211800,100.0,100.0,100.0,0.872,0.713
DE211940,79.19,0.0,100.0,0.037,0.056
DE212130,100.0,100.0,100.0,0.785,0.638
DE212290,86.04,0.0,100.0,0.769,0.594
DE212300,100.0,100.0,100.0,0.806,0.663
DE212310,100.0,100.0,100.0,0.868,0.721
DE212320,100.0,100.0,100.0,0.753,0.586
DE212330,75.82,0.0,100.0,0.775,0.632
DE212340,100.0,78.31,100.0,0.793,0.35
DE212350,100.0,78.31,100.0,0.709,0.445
DE212370,48.43,0.0,100.0,0.745,0.456
DE212380,100.0,100.0,100.0,0.88,0.607
DE212390,100.0,100.0,100.0,0.566,0.586
DE212400,55.27,0.0,100.0,0.707,0.096
DE212430,72.36,0.0,100.0,0.732,0.529
DE212440,72.36,0.0,100.0,0.769,-0.466
DE212450,0.0,0.0,55.7,0.687,
DE212460,100.0,100.0,100.0,0.754,0.549
DE212470,100.0,100.0,100.0,0.723,0.507
DE212500,100.0,100.0,100.0,0.85,0.661
DE212530,79.19,0.0,100.0,0.457,0.333
DE212540,100.0,100.0,100.0,0.539,0.413
DE212550,100.0,100.0,100.0,0.819,0.679
DE212560,100.0,18.29,100.0,0.76,0.569
DE212570,100.0,100.0,100.0,0.825,0.696
DE212580,100.0,100.0,99.99,0.84,0.686
DE212590,100.0,100.0,100.0,0.789,0.604
DE212600,100.0,18.29,100.0,0.763,0.638
DE212610,100.0,100.0,100.0,0.746,0.612
DE212620,0.0,0.0,99.73,0.693,
DE212640,100.0,100.0,100.0,0.727,0.62
DE212650,100.0,100.0,100.0,0.903,0.771
DE212680,75.78,0.0,100.0,0.807,0.689
DE212690,100.0,100.0,100.0,0.874,0.72
DE212710,100.0,100.0,100.0,0.838,0.672
DE212760,100.0,100.0,100.0,0.872,0.741
DE212870,100.0,100.0,100.0,0.732,0.601
DE212890,100.0,100.0,100.0,0.809,0.621
DE212900,100.0,100.0,100.0,0.865,0.783
DE212980,100.0,100.0,100.0,0.814,0.579
DE213010,100.0,100.0,100.0,0.869,0.54
DE213050,100.0,100.0,100.0,0.759,0.522
DE213060,100.0,100.0,100.0,0.784,0.62
DE213100,5.67,0.0,99.97,0.83,0.716
DE213110,79.19,0.0,100.0,0.782,0.644
DE213130,99.71,0.0,100.0,0.89,0.761
DE213140,100.0,100.0,100.0,0.801,0.672
DE213150,100.0,100.0,100.0,0.831,0.648
DE213170,100.0,100.0,100.0,0.858,0.636
DE213180,100.0,100.0,100.0,0.779,0.629
DE213310,79.19,0.0,100.0,0.637,0.512
DE213360,100.0,100.0,100.0,0.851,0.647
DE213450,100.0,100.0,100.0,0.804,0.628
DE213460,100.0,100.0,100.0,0.871,0.684
DE213470,8.49,0.0,100.0,0.655,0.628
DE213480,100.0,100.0,100.0,0.874,0.785
DE213490,100.0,100.0,100.0,0.712,0.6
DE213500,96.29,0.0,100.0,0.819,0.66
DE213510,100.0,100.0,100.0,0.905,0.784
DE213520,100.0,100.0,100.0,0.48,0.318
DE213530,89.45,0.0,100.0,0.783,0.64
DE213540,100.0,100.0,100.0,0.797,0.583
DE213550,92.87,0.0,100.0,0.8,0.666
DE213560,100.0,100.0,100.0,0.79,0.716
DE213570,100.0,100.0,100.0,0.805,0.657
DE213580,100.0,100.0,100.0,0.75,0.541
DE213590,48.43,0.0,100.0,0.627,0.468
DE213600,48.43,0.0,100.0,0.678,0.504
DE213620,55.27,0.0,100.0,0.691,0.494
DE213630,0.0,0.0,65.05,0.816,
DE213640,51.84,0.0,100.0,0.774,0.605
DE213670,100.0,100.0,99.96,0.86,0.753
DE213680,100.0,100.0,99.1,0.845,0.717
DE213690,58.69,0.0,100.0,0.906,0.791
DE213700,100.0,100.0,100.0,0.941,0.853
DE213710,100.0,100.0,100.0,0.924,0.86
DE213720,82.62,0.0,99.9,0.906,0.803
DE213730,100.0,100.0,100.0,0.882,0.799
DE213740,38.17,0.0,100.0,0.764,0.671
DE213770,98.3,80.01,100.0,0.9,0.755
DE213780,100.0,100.0,100.0,0.894,0.792
DE213800,100.0,100.0,100.0,0.844,0.619
DE213820,100.0,100.0,100.0,0.884,0.814
DE213830,72.36,0.0,100.0,0.845,0.74
DE213840,100.0,100.0,100.0,0.818,0.785
DE213850,100.0,100.0,100.0,0.9,0.816
DE213860,100.0,100.0,100.0,0.91,0.816
DE213870,100.0,18.29,100.0,0.238,0.168
DE213880,100.0,100.0,100.0,0.8,0.686
DE213890,100.0,100.0,100.0,0.876,0.732
DE213900,100.0,100.0,100.0,0.808,0.695
DE213910,100.0,100.0,100.0,0.796,0.618
DE213920,100.0,100.0,100.0,0.885,0.752
DE213930,100.0,100.0,100.0,0.88,0.732
DE213940,100.0,100.0,100.0,0.928,0.832
DE213950,37.79,0.0,100.0,0.912,0.843
DE213960,100.0,18.29,100.0,0.917,0.823
DE213970,100.0,100.0,100.0,0.942,0.866
DE214000,100.0,98.3,100.0,0.882,0.787
DE214010,100.0,100.0,100.0,0.887,0.804
DE214020,100.0,100.0,100.0,0.907,0.795
DE214030,100.0,100.0,100.0,0.937,0.877
DE214040,99.71,0.0,100.0,0.914,0.835
DE214050,100.0,79.96,100.0,0.907,0.84
DE214060,100.0,100.0,100.0,0.899,0.823
DE214070,41.59,0.0,100.0,0.914,0.839
DE214080,51.84,0.0,100.0,0.872,0.869
DE214090,100.0,100.0,100.0,0.92,0.844
DE214100,100.0,58.32,100.0,0.914,0.818
DE214110,100.0,100.0,100.0,0.919,0.833
DE214120,38.17,0.0,100.0,0.837,0.728
DE214130,62.1,0.0,100.0,0.841,0.27
DE214140,48.43,0.0,100.0,0.789,0.654
DE214150,0.0,0.0,62.33,0.59,
DE214160,100.0,100.0,100.0,0.888,0.768
DE214170,93.17,100.0,100.0,0.827,0.721
DE214190,96.58,98.3,100.0,0.82,0.73
DE214200,100.0,100.0,100.0,0.839,0.769
DE214210,72.36,0.0,100.0,0.78,0.695
DE214220,100.0,100.0,100.0,0.705,0.574
DE214230,100.0,100.0,100.0,0.814,0.668
DE214240,100.0,78.31,100.0,-0.028,-0.588
DE214250,100.0,100.0,100.0,0.42,0.257
DE214260,0.0,0.0,56.34,0.633,
DE214270,89.45,0.0,99.99,0.81,0.648
DE214280,100.0,100.0,99.96,0.797,0.597
DE214290,100.0,100.0,100.0,0.706,0.628
DE214310,99.71,0.0,99.93,0.78,0.728
DE214320,96.57,18.29,100.0,0.807,0.665
DE214330,100.0,98.3,100.0,0.394,0.308
DE214340,99.71,0.0,96.08,0.715,0.607
DE214350,100.0,38.28,100.0,-1.087,-1.265
DE214360,100.0,78.31,100.0,0.665,0.444
DE214370,100.0,100.0,100.0,0.917,0.751
DE214380,100.0,59.97,100.0,0.884,0.706
DE214400,100.0,14.73,100.0,0.662,0.549
DE214410,0.0,0.0,65.63,0.504,
DE214420,99.71,0.0,100.0,0.672,0.533
DE214430,0.0,0.0,100.0,0.705,
DE214440,100.0,18.29,100.0,0.678,0.449
DE214450,100.0,100.0,100.0,0.743,0.573
DE214460,100.0,38.28,100.0,0.868,0.662
DE214470,100.0,100.0,100.0,0.887,0.702
DE214480,100.0,100.0,100.0,0.541,0.381
DE214490,79.19,0.0,100.0,0.854,0.719
DE214500,100.0,98.3,100.0,0.697,0.504
DE214510,99.71,0.0,100.0,0.707,0.574
DE214520,100.0,100.0,100.0,0.62,0.483
DE214530,99.71,0.0,100.0,0.45,0.407
DE214540,99.71,0.0,100.0,0.761,0.614
DE214550,100.0,58.32,100.0,0.762,0.498
DE214560,100.0,98.3,100.0,0.766,0.532
DE214570,99.71,81.71,100.0,0.819,0.661
DE214580,100.0,100.0,100.0,0.894,0.738
DE214590,100.0,100.0,100.0,0.537,0.385
DE214600,0.0,0.0,81.74,0.322,
DE214610,100.0,100.0,100.0,0.86,0.662
DE214630,100.0,100.0,100.0,0.746,0.504
DE214640,100.0,100.0,100.0,0.867,0.763
DE214650,96.58,100.0,100.0,0.559,0.589
DE214660,67.38,0.0,99.97,0.756,0.701
DE214670,94.54,100.0,99.63,0.754,0.651
DE214680,100.0,38.28,99.46,0.769,0.665
DE214690,100.0,100.0,100.0,0.83,0.718
DE214700,0.0,0.0,57.55,0.764,
DE214710,68.94,0.0,99.97,0.653,0.579
DE214720,100.0,100.0,100.0,0.843,0.765
DE214730,68.23,0.0,100.0,0.86,0.703
DE214740,100.0,78.31,100.0,0.866,0.752
DE214750,68.94,0.0,99.74,0.804,0.714
DE214760,100.0,58.32,100.0,0.756,0.593
DE214770,100.0,100.0,100.0,0.551,0.358
DE214780,51.84,0.0,100.0,0.68,0.492
DE214790,99.71,0.0,100.0,0.753,0.211
DE214800,82.62,0.0,100.0,0.732,0.614
DE214810,99.71,0.0,100.0,0.633,0.549
DE214830,75.78,0.0,100.0,0.805,0.722
DE214840,86.04,0.0,100.0,0.855,0.782
DE214850,100.0,18.29,100.0,0.828,0.661
DE214860,100.0,100.0,100.0,0.915,0.805
DE214880,100.0,100.0,100.0,0.926,0.79
DE214890,100.0,100.0,100.0,0.917,0.809
DE214900,33.49,0.0,99.6,0.745,0.635
DE214910,100.0,58.32,100.0,0.848,0.735
DE214920,100.0,58.32,100.0,0.903,0.801
DE214930,89.45,0.0,100.0,0.791,0.668
DE214940,0.0,0.0,100.0,0.596,
DE214950,79.19,0.0,100.0,0.848,0.783
DE214960,100.0,100.0,100.0,0.904,0.815
DE214970,100.0,38.28,100.0,0.8,0.685
DE214980,62.1,0.0,100.0,0.802,0.777
DE214990,100.0,78.31,100.0,0.746,0.681
DE215010,100.0,100.0,100.0,0.856,0.804
DE215020,100.0,100.0,100.0,0.897,0.805
DE215030,100.0,100.0,100.0,0.911,0.842
DE215040,100.0,100.0,100.0,0.92,0.894
DE215050,100.0,100.0,100.0,0.933,0.887
DE215060,99.71,0.0,100.0,0.922,0.853
DE215080,58.42,0.0,100.0,0.764,0.625
DE215090,100.0,100.0,100.0,0.801,0.696
DE215100,100.0,100.0,100.0,0.732,0.596
DE215110,100.0,100.0,100.0,0.825,0.68
DE215120,100.0,100.0,100.0,0.901,0.764
DE215140,33.59,0.0,100.0,0.917,0.801
DE215150,100.0,100.0,100.0,0.886,0.76
DE215160,100.0,100.0,100.0,0.877,0.709
DE215170,45.01,0.0,100.0,0.838,0.744
DE215180,58.69,0.0,100.0,0.861,0.705
DE215190,100.0,100.0,100.0,0.904,0.809
DE215220,100.0,98.3,100.0,0.827,0.729
DE215240,99.71,0.0,100.0,0.876,0.787
DE215270,58.69,0.0,100.0,0.862,0.756
DE215280,100.0,100.0,100.0,0.875,0.769
DE215340,100.0,100.0,100.0,0.91,0.832
DE410020,79.77,0.0,100.0,0.673,0.677
DE410030,86.33,100.0,100.0,0.79,0.8
DE410130,10.82,0.0,96.7,-2.066,-0.549
DE410140,38.17,0.0,100.0,0.744,0.681
DE410150,82.62,0.0,86.99,-4.535,-4.486
DE410160,38.17,0.0,93.79,0.768,0.626
DE410170,38.17,0.0,97.38,0.825,0.697
DE410180,7.4,0.0,97.38,-3.022,-2.338
DE410210,100.0,100.0,97.38,0.695,0.627
DE410230,3.99,0.0,100.0,0.554,-0.062
DE410260,100.0,18.29,100.0,0.83,0.791
DE410610,96.58,58.32,100.0,0.478,0.346
DE410730,92.87,0.0,67.96,0.152,0.116
DE410790,3.99,0.0,93.94,0.393,0.482
DE410800,41.59,0.0,89.62,0.032,0.314
DE410810,82.62,0.0,100.0,0.618,0.588
DE410820,86.04,0.0,86.99,0.437,0.313
DE410830,96.58,100.0,100.0,0.087,0.33
DE410860,48.43,0.0,100.0,0.441,0.428
DE410910,38.17,0.0,99.53,0.599,0.604
DE410970,38.18,0.0,57.58,0.4,0.125
DE411020,55.27,0.0,89.59,0.153,0.283
DE411040,93.17,18.29,89.6,0.534,0.454
DE411060,65.52,0.0,62.77,-0.179,-0.11
DE411100,21.08,0.0,89.6,0.341,0.423
DE411150,72.36,0.0,78.37,-0.09,-0.012
DE411170,38.18,0.0,94.81,0.189,0.049
DE411180,10.82,0.0,83.55,0.133,0.17
DE411200,55.27,0.0,61.19,0.329,0.005
DE411220,100.0,100.0,100.0,0.715,0.458
DE411230,100.0,58.32,100.0,0.482,-0.001
DE411240,100.0,100.0,89.6,0.769,0.409
DE411270,0.0,0.0,63.2,0.426,
DE411280,97.73,65.06,100.0,-1.304,-2.204
DE411290,100.0,33.24,94.8,0.664,0.317
DE411300,100.0,33.24,100.0,0.667,0.269
DE411310,100.0,100.0,0.0,-8.526,-21.405
DE411320,100.0,100.0,100.0,0.691,0.515
DE411340,24.49,0.0,33.32,0.369,0.516
DE411350,24.49,0.0,100.0,0.828,0.663
DE411390,100.0,100.0,36.8,0.781,0.534
DE411400,100.0,100.0,100.0,0.772,0.595
DE411410,62.1,0.0,100.0,-0.157,-0.579
DE411440,24.49,0.0,100.0,0.786,0.75
DE411720,0.0,0.0,83.97,0.187,
DE411730,65.52,0.0,100.0,0.426,0.345
DE411750,68.94,0.0,100.0,0.644,0.652
DE411760,58.68,0.0,100.0,0.659,0.614
DE411770,31.34,0.0,100.0,0.669,0.417
DE411790,0.0,0.0,83.97,0.481,
DE411810,62.1,0.0,100.0,0.722,0.45
DE411850,0.0,0.0,52.82,0.545,
DE411920,0.0,0.0,63.2,0.731,
DE411940,72.36,0.0,100.0,0.794,0.771
DE411970,14.25,0.0,100.0,0.796,0.61
DE412000,75.78,0.0,100.0,0.866,0.768
DE412010,7.4,0.0,100.0,0.861,0.612
DE412020,0.57,0.0,100.0,0.694,0.536
DE412050,68.94,0.0,100.0,0.658,0.481
DE412060,0.0,0.0,78.78,0.176,
DE412070,3.99,0.0,100.0,0.703,0.287
DE412080,0.0,0.0,94.37,0.652,
DE412090,100.0,100.0,100.0,0.886,0.818
DE412200,75.78,0.0,100.0,0.383,0.455
DE412210,51.84,0.0,100.0,-0.537,-0.348
DE412220,75.78,0.0,100.0,0.346,0.097
DE412230,0.35,0.0,97.17,-2.288,-2.878
DE412240,10.82,0.0,98.14,-0.998,-0.778
DE412260,100.0,98.36,100.0,-0.322,-0.457
DE412270,38.17,0.0,100.0,0.757,0.72
DE412310,24.49,0.0,100.0,0.849,0.726
DE412320,55.27,0.0,100.0,0.598,0.212
DE710000,65.52,0.0,100.0,0.889,0.71
DE710010,100.0,58.32,100.0,0.848,0.728
DE710020,79.19,0.0,100.0,0.877,0.743
DE710030,100.0,100.0,100.0,0.957,0.867
DE710040,100.0,100.0,100.0,0.919,0.872
DE710050,100.0,58.32,100.0,0.907,0.813
DE710060,41.59,0.0,100.0,0.784,0.723
DE710070,100.0,100.0,99.94,0.85,0.747
DE710080,100.0,98.3,100.0,0.879,0.8
DE710090,100.0,100.0,100.0,0.895,0.846
DE710100,100.0,100.0,100.0,0.844,0.732
DE710110,100.0,18.29,100.0,0.796,0.672
DE710120,100.0,100.0,100.0,0.946,0.89
DE710130,100.0,18.29,98.92,0.883,0.785
DE710150,79.19,0.0,100.0,0.778,0.648
DE710160,21.08,0.0,100.0,0.899,0.847
DE710170,100.0,100.0,100.0,0.898,0.819
DE710180,100.0,100.0,100.0,0.902,0.758
DE710190,100.0,100.0,100.0,0.916,0.846
DE710200,100.0,100.0,100.0,0.916,0.848
DE710210,96.29,0.0,100.0,0.926,0.839
DE710220,41.59,0.0,100.0,0.9,0.751
DE710230,96.58,100.0,100.0,0.793,0.614
DE710240,100.0,100.0,100.0,0.853,0.672
DE710250,100.0,100.0,100.0,0.872,0.764
DE710260,96.57,100.0,100.0,0.885,0.749
DE710270,100.0,100.0,100.0,0.93,0.796
DE710280,100.0,100.0,100.0,0.921,0.827
DE710290,100.0,100.0,100.0,0.902,0.802
DE710300,100.0,100.0,100.0,0.786,0.676
DE710310,100.0,100.0,100.0,0.88,0.749
DE710320,100.0,98.3,100.0,0.578,0.533
DE710330,38.17,0.0,100.0,0.931,0.863
DE710340,100.0,100.0,100.0,0.844,0.739
DE710350,88.04,0.0,100.0,0.829,0.741
DE710360,89.45,0.0,100.0,0.806,0.717
DE710370,100.0,100.0,99.79,0.899,0.762
DE710380,100.0,100.0,100.0,0.928,0.839
DE710390,100.0,98.3,100.0,0.88,0.737
DE710400,100.0,100.0,100.0,0.919,0.801
DE710410,100.0,100.0,100.0,0.88,0.846
DE710420,100.0,100.0,100.0,0.916,0.778
DE710430,100.0,100.0,100.0,0.792,0.618
DE710440,97.15,100.0,100.0,0.888,0.816
DE710450,100.0,100.0,100.0,0.88,0.757
DE710460,100.0,100.0,100.0,0.897,0.839
DE710470,100.0,100.0,100.0,0.865,0.73
DE710490,96.29,0.0,100.0,0.904,0.801
DE710500,82.62,0.0,99.86,0.698,0.542
DE710510,75.78,0.0,100.0,0.803,0.621
DE710520,58.69,0.0,100.0,0.862,0.697
DE710530,100.0,100.0,100.0,0.903,0.831
DE710540,100.0,18.29,99.97,0.883,0.766
DE710550,100.0,100.0,100.0,0.898,0.785
DE710560,100.0,100.0,100.0,0.868,0.785
DE710570,62.67,0.0,100.0,0.877,0.778
DE710580,34.18,0.0,100.0,0.865,0.72
DE710590,100.0,100.0,100.0,0.881,0.783
DE710600,100.0,100.0,100.0,0.871,0.744
DE710610,100.0,100.0,99.97,0.907,0.814
DE710620,100.0,100.0,99.96,0.929,0.871
DE710630,58.69,0.0,91.42,0.728,0.574
DE710640,82.62,0.0,100.0,0.791,0.642
DE710650,100.0,100.0,100.0,0.917,0.763
DE710660,100.0,100.0,100.0,0.91,0.855
DE710670,100.0,98.3,100.0,0.853,0.73
DE710680,92.87,0.0,100.0,0.845,0.772
DE710690,100.0,100.0,100.0,0.819,0.665
DE710700,100.0,100.0,100.0,0.87,0.749
DE710710,100.0,100.0,100.0,0.874,0.64
DE710720,96.58,100.0,99.53,0.841,0.807
DE710730,38.17,0.0,100.0,0.724,0.741
DE710740,100.0,98.3,100.0,0.829,0.771
DE710750,48.43,0.0,100.0,0.835,0.721
DE710760,48.43,0.0,100.0,0.826,0.696
DE710770,18.95,0.0,100.0,0.861,0.711
DE710780,100.0,100.0,100.0,0.869,0.764
DE710790,100.0,100.0,95.73,0.861,0.749
DE710800,100.0,100.0,100.0,0.884,0.715
DE710810,98.86,0.0,100.0,0.532,0.405
DE710820,93.17,100.0,100.0,0.893,0.744
DE710830,100.0,100.0,100.0,0.841,0.744
DE710840,99.71,0.0,100.0,0.876,0.754
DE710850,86.04,0.0,100.0,0.886,0.729
DE710860,96.29,0.0,97.28,0.841,0.774
DE710870,99.71,0.0,100.0,0.865,0.739
DE710890,28.78,0.0,100.0,0.864,0.703
DE710900,100.0,100.0,100.0,0.843,0.713
DE710910,100.0,100.0,99.54,0.858,0.786
DE710920,100.0,78.31,100.0,0.876,0.76
DE710930,100.0,100.0,100.0,0.921,0.812
DE710940,96.29,0.0,100.0,0.899,0.822
DE710950,100.0,100.0,100.0,0.86,0.81
DE810010,92.59,0.0,100.0,0.705,0.697
DE810020,79.19,0.0,100.0,0.847,0.78
DE810030,13.52,0.0,100.0,0.852,0.784
DE810050,83.19,0.0,100.0,0.861,0.786
DE810060,28.19,0.0,100.0,0.652,0.71
DE810080,20.81,100.0,0.0,,
DE810090,24.49,0.0,100.0,0.556,0.217
DE810100,66.66,0.0,100.0,0.865,0.784
DE810110,21.36,0.0,100.0,0.774,0.75
DE810120,31.05,0.0,100.0,0.639,0.389
DE810130,64.96,0.0,0.0,,
DE810150,37.17,0.0,67.96,0.805,0.849
DE810160,34.75,0.0,93.93,0.563,0.554
DE810170,10.82,0.0,78.36,0.811,0.797
DE810180,10.82,0.0,100.0,0.793,0.793
DE810190,69.23,100.0,0.0,0.887,0.735
DE810210,0.0,0.0,89.62,0.85,
DE810220,0.0,0.0,94.37,-0.749,
DE810230,0.0,0.0,57.14,0.678,
DE810260,38.17,0.0,83.53,0.79,0.762
DE810280,0.57,0.0,89.59,0.653,0.627
DE810290,100.0,100.0,26.41,0.744,0.581
DE810300,100.0,100.0,100.0,0.775,0.647
DE810310,10.55,100.0,0.0,,
DE810320,100.0,100.0,100.0,0.747,0.522
DE810330,100.0,100.0,100.0,0.723,0.645
DE810340,86.04,0.0,99.13,0.81,0.778
DE810380,21.08,0.0,16.03,0.842,0.712
DE810390,17.66,0.0,97.4,0.769,0.706
DE810410,79.19,0.0,100.0,0.845,0.786
DE810420,0.0,0.0,78.77,0.746,
DE810440,0.0,0.0,94.35,0.635,
DE810450,89.45,0.0,100.0,0.674,0.72
DE810470,100.0,100.0,100.0,0.094,0.169
DE810490,79.19,0.0,100.0,-2.248,-1.1
DE810550,3.99,0.0,89.16,0.61,0.712
DE810570,100.0,100.0,100.0,0.72,0.742
DE810580,100.0,100.0,100.0,0.685,0.567
DE810590,96.57,100.0,100.0,0.854,0.79
DE810600,79.2,0.0,100.0,0.803,0.721
DE810610,82.91,100.0,100.0,0.844,0.835
DE810650,41.02,0.0,0.0,,
DE810660,31.34,0.0,0.44,0.887,0.793
DE810670,31.34,0.0,94.81,0.722,0.691
DE810680,20.81,100.0,0.0,,
DE810690,82.35,100.0,0.0,,
DE810700,86.33,100.0,100.0,-0.346,-0.236
DE810740,48.17,38.28,0.0,,
DE810770,10.82,0.0,100.0,0.718,0.625
DE810790,0.0,0.0,89.18,0.698,
DE810800,0.0,0.0,63.2,0.74,
DE810820,14.25,0.0,26.41,0.779,0.681
DE810830,0.0,0.0,73.59,0.732,
DE810840,0.0,0.0,58.01,0.471,
DE810870,0.0,0.0,100.0,0.331,
DE810910,45.0,0.0,0.44,0.906,0.865
DE810920,100.0,100.0,100.0,0.846,0.836
DE810930,14.25,0.0,100.0,0.766,0.617
DE810940,100.0,100.0,0.0,0.819,0.521
DE810950,0.0,0.0,100.0,0.663,
DE811040,100.0,78.31,0.44,0.753,0.498
DE811050,100.0,78.31,88.74,0.779,0.686
DE811100,0.0,0.0,83.97,0.425,
DE811110,0.0,0.0,57.12,0.809,
DE811170,34.18,0.0,0.0,,
DE811180,27.64,100.0,0.0,,
DE811190,76.07,100.0,100.0,0.835,0.798
DE811200,51.85,0.0,52.37,0.636,0.542
DE811210,51.85,0.0,100.0,0.713,0.584
DE811250,82.62,0.0,99.13,0.83,0.795
DE811260,17.38,98.3,0.0,,
DE811270,58.68,0.0,88.74,0.742,0.729
DE811350,47.87,0.0,0.0,,
DE811360,17.66,0.0,100.0,0.783,0.835
DE811370,14.25,0.0,100.0,0.811,0.804
DE811390,0.57,0.0,100.0,0.778,0.614
DE811420,0.0,0.0,89.18,0.709,
DE811430,10.55,100.0,0.0,,
DE811440,58.69,0.0,100.0,0.854,0.793
DE811450,93.17,100.0,89.6,0.814,0.758
DE811470,89.45,0.0,5.63,-0.179,0.037
DE811480,89.45,0.0,100.0,-0.214,0.081
DE811510,51.28,0.0,0.0,,
DE811520,51.27,0.0,41.99,0.402,0.265
DE811530,58.69,0.0,52.39,0.474,0.308
DE811550,89.18,100.0,0.0,,
DE811560,10.82,0.0,99.13,0.808,0.681
DE811580,47.87,0.0,0.0,,
DE811590,58.69,0.0,100.0,0.48,0.49
DE811600,89.18,100.0,0.0,,
DE811610,100.0,100.0,100.0,0.834,0.815
DE811620,44.44,0.0,0.0,,
DE811630,17.66,0.0,67.96,0.749,0.663
DE811750,82.61,0.0,99.13,0.802,0.75
DE811760,79.19,0.0,5.19,0.386,0.624
DE811770,79.19,0.0,99.56,0.732,0.676
DE811800,21.08,0.0,100.0,0.853,0.701
DE811840,93.17,100.0,57.58,0.701,0.686
DE811850,93.17,100.0,100.0,0.766,0.702
DE811950,71.79,0.0,0.0,,
DE811960,89.45,0.0,99.13,0.584,0.48
DE812010,17.66,0.0,93.93,0.797,0.702
DE812030,58.69,0.0,100.0,0.845,0.642
DE812040,58.69,0.0,52.37,0.847,0.62
DE812050,55.27,0.0,31.6,0.849,0.556
DE812060,0.0,0.0,98.69,0.559,
DE812070,45.01,0.0,93.94,0.478,0.483
DE812080,51.85,0.0,73.15,0.623,0.167
DE812100,24.22,100.0,0.0,,
DE812110,100.0,100.0,57.58,-0.583,0.181
DE812170,0.0,0.0,57.12,0.267,
DE812180,14.1,0.0,52.37,0.829,0.83
DE812190,86.04,0.0,99.13,0.847,0.719
DE812200,100.0,100.0,100.0,0.901,0.899
DE812210,86.33,100.0,100.0,0.853,0.775
DE812250,14.05,0.0,78.36,0.711,0.746
DE812280,82.62,0.0,83.55,0.843,0.758
DE812290,14.1,0.0,93.93,0.445,0.679
DE910020,0.0,0.0,84.41,0.871,
DE910070,48.43,0.0,84.41,0.799,0.725
DE910080,100.0,38.28,42.86,0.858,0.309
DE910090,100.0,38.28,42.86,0.868,0.637
DE910110,82.62,0.0,84.41,0.887,0.653
DE910120,100.0,100.0,84.41,0.919,0.795
DE910130,55.27,0.0,0.0,0.765,0.643
DE910140,79.19,0.0,84.41,0.864,0.69
DE910150,100.0,100.0,84.41,0.898,0.835
DE910160,100.0,100.0,84.41,0.805,0.698
DE910170,100.0,100.0,84.41,0.915,0.765
DE910180,100.0,100.0,84.41,0.916,0.831
DE910190,38.74,0.0,84.41,0.878,0.814
DE910200,100.0,100.0,84.41,0.89,0.862
DE910210,100.0,100.0,84.41,0.905,0.867
DE910230,65.52,0.0,0.44,0.838,0.622
DE910240,100.0,58.32,84.41,0.906,0.863
DE910250,100.0,100.0,84.41,0.907,0.851
DE910260,100.0,38.28,0.0,0.9,0.668
DE910270,100.0,100.0,84.41,0.931,0.906
DE910290,100.0,100.0,1.31,0.961,0.846
DE910300,84.03,0.0,0.0,,
DE910310,38.17,0.0,79.22,0.649,0.549
DE910320,100.0,100.0,84.41,0.955,0.919
DE910330,100.0,100.0,84.41,0.735,0.688
DE910340,95.16,0.0,48.05,0.859,0.612
DE910350,72.36,0.0,84.41,0.733,0.766
DE910360,100.0,53.29,84.41,0.952,0.898
DE910370,95.16,0.0,84.41,0.887,0.811
DE910380,72.36,0.0,11.69,0.877,0.824
DE910400,100.0,100.0,84.84,0.943,0.916
DE910430,79.19,0.0,84.41,0.717,0.583
DE910460,58.69,0.0,6.5,0.735,0.675
DE910500,0.0,0.0,79.22,-1.778,
DE910530,100.0,100.0,84.41,0.811,0.677
DE910560,99.71,0.0,84.41,0.816,0.701
DE910570,75.78,0.0,74.02,0.897,0.821
DE910580,51.85,0.0,0.0,,
DE910610,72.36,0.0,84.41,0.845,0.76
DE910620,100.0,100.0,84.41,0.85,0.755
DE910630,41.02,0.0,0.0,,
DE910640,100.0,78.31,84.41,0.887,0.828
DE910650,89.45,0.0,0.0,0.952,0.959
DE910660,65.52,0.0,79.22,0.702,0.645
DE910670,100.0,100.0,84.41,0.7,0.558
DE910680,100.0,100.0,84.41,0.853,0.669
DE910690,51.85,0.0,0.0,,
DE910700,100.0,100.0,84.41,0.893,0.788
DE910710,68.94,0.0,84.41,0.785,0.723
DE910720,100.0,100.0,84.41,0.76,0.687
DE910730,100.0,38.28,42.86,0.871,0.732
DE910750,100.0,100.0,0.0,,
DE910770,58.69,0.0,0.0,0.751,0.812
DE910780,55.27,0.0,84.41,0.767,0.609
DE910790,49.58,0.0,1.31,0.883,0.756
DE910800,100.0,100.0,84.41,0.866,0.723
DE910810,100.0,100.0,84.41,0.925,0.858
DE910820,72.36,0.0,84.41,0.805,0.73
DE910830,45.01,0.0,84.41,0.937,0.813
DE910840,41.59,0.0,84.41,0.859,0.772
DE910850,100.0,78.31,84.41,0.799,0.706
DE910860,99.71,0.0,84.41,0.411,0.535
DE910870,99.71,0.0,37.67,0.74,0.593
DE910880,62.1,0.0,84.41,0.784,0.711
DE910890,100.0,78.31,84.41,0.822,0.787
DE910910,55.27,0.0,0.0,,
DE910920,62.1,0.0,0.0,,
DE910960,100.0,100.0,84.41,0.837,0.61
DE910990,100.0,100.0,84.41,0.869,0.74
DE911000,100.0,100.0,84.41,0.601,0.634
DE911010,100.0,98.3,0.0,0.829,0.436
DE911020,100.0,98.3,84.41,0.789,0.693
DE911030,100.0,98.3,0.0,,
DE911040,100.0,98.3,84.41,0.812,0.663
DE911050,100.0,100.0,84.41,0.828,0.756
DE911060,100.0,100.0,84.41,0.887,0.824
DE911070,68.94,0.0,84.41,0.837,0.832
DE911100,51.84,0.0,84.41,0.81,0.627
DE911110,51.84,0.0,84.41,0.855,0.76
DE911120,100.0,100.0,84.41,0.877,0.759
DE911130,62.1,0.0,84.41,0.844,0.678
DE911140,100.0,100.0,84.41,0.862,0.819
DE911160,99.71,0.0,84.41,0.841,0.844
DE911180,53.85,0.0,84.41,0.812,0.765
DE911190,0.0,0.0,84.41,-0.212,
DE911200,48.43,0.0,84.41,0.846,0.716
DE911210,100.0,100.0,84.41,0.89,0.723
DE911230,100.0,100.0,84.41,0.869,0.793
DE911240,100.0,100.0,84.41,0.838,0.759
DE911260,100.0,100.0,84.41,0.725,0.684
DE911270,55.27,0.0,84.41,0.731,0.655
DE911280,100.0,100.0,84.41,0.816,0.763
DE911290,65.52,0.0,84.41,0.898,0.807
DE911310,100.0,100.0,84.41,0.877,0.787
DE911320,92.87,0.0,0.0,0.946,0.705
DE911330,100.0,100.0,84.41,0.679,0.551
DE911340,92.87,0.0,84.41,0.762,0.657
DE911350,100.0,100.0,84.41,0.867,0.789
DE911360,68.94,0.0,84.41,0.867,0.716
DE911370,55.27,0.0,84.41,0.864,0.772
DE911380,100.0,100.0,84.41,0.885,0.811
DE911390,100.0,100.0,0.0,0.703,0.754
DE911400,100.0,100.0,84.41,0.836,0.762
DE911410,100.0,100.0,84.41,0.885,0.798
DE911420,21.08,0.0,84.41,0.878,0.794
DE911430,89.45,0.0,0.0,0.841,0.794
DE911440,68.94,0.0,0.0,,
DE911450,100.0,100.0,84.41,0.918,0.836
DE911460,100.0,100.0,82.76,0.681,0.547
DE911470,100.0,100.0,84.41,0.743,0.678
DE911480,100.0,100.0,84.41,0.89,0.844
DE911490,68.94,0.0,0.0,,
DE911520,100.0,100.0,84.41,0.781,0.667
DE911530,100.0,100.0,84.41,0.912,0.871
DE911540,89.45,0.0,79.22,0.905,0.782
DE911560,100.0,100.0,84.41,0.733,0.697
DE911570,51.84,0.0,84.41,0.795,0.496
DE911580,100.0,100.0,84.41,0.898,0.76
DE911600,92.87,0.0,0.0,0.825,0.657
DE911610,100.0,58.32,84.41,0.862,0.661
DE911620,100.0,100.0,84.41,0.885,0.779
DE911630,62.11,0.0,0.0,,
DE911640,92.87,0.0,84.41,0.869,0.783
DE911650,100.0,86.69,84.41,0.639,0.593
DE911660,99.71,0.0,84.41,0.846,0.75
DE911680,100.0,100.0,84.41,0.835,0.614
DE911690,65.52,0.0,84.41,0.85,0.737
DE911700,72.36,0.0,84.41,0.911,0.804
DE911710,44.73,0.0,84.41,0.915,0.814
DE911740,48.43,0.0,84.41,0.855,0.624
DE911750,100.0,100.0,84.41,0.91,0.784
DE911770,99.71,0.0,84.41,0.889,0.744
DE911780,100.0,100.0,84.41,0.887,0.842
DE911840,86.04,0.0,84.41,0.799,0.641
DE911850,68.65,0.0,0.0,,
DE911860,34.17,0.0,0.0,,
DE911870,96.29,0.0,74.02,0.852,0.751
DE911880,100.0,78.31,68.83,0.892,0.8
DE911890,100.0,98.3,84.41,0.896,0.811
DE911900,34.75,0.0,84.41,0.892,0.818
DE911910,100.0,38.28,84.41,0.892,0.864
DE911920,45.01,0.0,0.0,,
DE911930,7.4,0.0,84.41,0.762,0.758
DE911940,34.75,0.0,0.0,0.97,0.97
DE911950,100.0,18.29,0.0,,
DE911960,58.69,0.0,84.41,0.885,0.836
DE911970,100.0,100.0,84.41,0.915,0.851
DE911980,100.0,18.29,84.41,0.853,0.788
DE911990,65.52,0.0,84.41,0.74,0.674
DE912000,100.0,100.0,84.41,0.824,0.78
DE912010,96.29,0.0,84.41,0.894,0.804
DE912030,86.04,0.0,84.41,0.807,0.716
DE912090,100.0,100.0,84.41,0.87,0.838
DE912100,92.87,0.0,84.41,0.781,0.772
DE912110,100.0,100.0,74.02,0.925,0.892
DE912120,100.0,18.29,74.02,0.391,0.305
DE912130,100.0,100.0,74.02,0.919,0.891
DE912140,92.87,0.0,74.02,0.706,0.571
DE912150,58.69,0.0,74.02,0.891,0.865
DE912160,100.0,38.28,74.02,0.889,0.808
DE912170,65.52,0.0,84.41,0.796,0.719
DE912180,72.36,0.0,84.41,0.894,0.836
DE912190,58.69,0.0,41.55,0.853,0.774
DE912210,75.78,0.0,84.41,0.774,0.729
DE912220,58.69,0.0,84.41,0.616,0.58
DE912230,100.0,58.32,84.41,0.851,0.773
DE912240,34.18,0.0,0.0,,
DE912250,51.84,0.0,79.22,0.752,0.632
DE912270,51.84,0.0,0.0,,
DE912280,89.45,0.0,84.41,0.838,0.694
DE912290,89.45,0.0,84.41,0.854,0.6
DE912300,89.45,0.0,84.41,0.854,0.448
DE912310,100.0,100.0,84.41,0.516,0.103
DE912320,89.45,0.0,84.41,0.77,0.589
DE912330,72.36,0.0,21.64,0.476,0.539
DE912350,100.0,100.0,84.41,0.809,0.646
DE912360,48.43,0.0,0.0,,
DE912370,35.61,0.0,0.0,,
DE912380,99.71,0.0,84.41,0.274,-0.337
DE912390,79.19,0.0,84.41,0.647,-0.337
DE912400,100.0,100.0,84.41,0.852,0.404
DE912420,100.0,100.0,79.22,0.883,0.445
DE912440,100.0,100.0,84.4,0.814,0.498
DE912450,58.69,0.0,84.41,0.853,0.81
DE912470,75.78,0.0,1.31,0.621,0.625
DE912490,75.78,0.0,84.41,0.819,0.757
DE912500,58.69,0.0,84.41,0.772,0.714
DE912520,100.0,100.0,84.41,0.891,0.841
DE912530,72.36,0.0,84.41,0.899,0.876
DE912540,47.87,0.0,0.0,,
DE912550,68.94,0.0,0.0,0.949,0.885
DE912560,100.0,100.0,84.41,0.89,0.876
DE912570,38.17,0.0,0.0,,
DE912600,72.36,0.0,84.41,0.798,0.634
DE912650,100.0,53.29,84.41,0.938,0.831
DE912660,41.02,0.0,0.0,,
DE912670,38.74,0.0,84.41,0.905,0.822
DE912810,65.52,0.0,74.02,0.909,0.881
DEA10000,100.0,100.0,100.0,0.94,0.87
DEA10040,100.0,100.0,100.0,0.944,0.831
DEA10060,100.0,100.0,100.0,0.928,0.867
DEA10070,31.04,0.0,100.0,0.938,0.876
DEA10080,61.8,0.0,100.0,0.931,0.791
DEA10090,34.45,0.0,100.0,0.953,0.869
DEA10100,100.0,100.0,99.8,0.935,0.84
DEA10120,100.0,56.57,100.0,0.954,0.885
DEA10130,99.41,0.0,100.0,0.929,0.83
DEA10140,100.0,16.54,89.6,0.932,0.858
DEA10150,82.32,0.0,100.0,0.882,0.761
DEA10160,100.0,100.0,100.0,0.943,0.854
DEA10170,85.74,0.0,100.0,0.845,0.665
DEA10200,95.99,0.0,100.0,0.729,0.592
DEA10210,100.0,100.0,96.09,0.949,0.873
DEA10220,100.0,100.0,93.93,0.955,0.881
DEA10230,100.0,100.0,100.0,0.961,0.887
DEA10240,41.3,0.0,100.0,0.858,0.754
DEA10250,35.59,0.0,52.82,0.873,0.768
DEA10260,41.3,0.0,99.89,0.914,0.869
DEA10270,41.3,0.0,100.0,0.928,0.846
DEA10280,41.3,0.0,100.0,0.757,0.663
DEA10300,100.0,100.0,100.0,0.824,0.546
DEA10310,100.0,100.0,100.0,0.844,0.723
DEA10320,100.0,100.0,100.0,0.912,0.854
DEA10330,92.45,0.0,100.0,0.821,0.578
DEA10340,100.0,100.0,98.12,0.864,0.714
DEA10350,68.64,0.0,98.92,0.684,0.441
DEA10360,100.0,16.54,99.99,0.84,0.664
DEA10370,95.99,0.0,99.99,0.849,0.647
DEA10380,100.0,100.0,99.99,0.887,0.706
DEA10390,100.0,100.0,99.99,0.725,0.591
DEA10400,90.31,0.0,100.0,0.729,0.597
DEA10460,100.0,100.0,100.0,0.778,0.694
DEA10470,92.59,0.0,100.0,0.922,0.855
DEA10480,100.0,100.0,100.0,0.877,0.796
DEA10490,54.97,0.0,100.0,0.946,0.88
DEA10500,100.0,38.28,100.0,0.941,0.864
DEA10510,72.06,0.0,100.0,0.754,0.703
DEA10520,93.17,100.0,64.28,0.775,0.672
DEA10530,100.0,100.0,99.99,0.865,0.826
DEA10540,82.31,0.0,100.0,0.534,-64.567
DEA10550,47.82,0.0,99.97,0.908,0.808
DEA10560,0.0,0.0,52.82,0.439,
DEA10600,89.42,0.0,100.0,0.92,0.826
DEA10610,58.37,0.0,100.0,0.818,0.667
DEA10620,100.0,100.0,100.0,0.91,0.819
DEA10630,100.0,100.0,100.0,0.849,0.785
DEA10640,100.0,100.0,100.0,0.89,0.826
DEA10650,44.71,0.0,100.0,0.784,0.711
DEA10660,0.0,0.0,80.86,0.802,
DEA10680,100.0,76.56,100.0,0.906,0.837
DEA10700,100.0,100.0,90.29,0.941,0.88
DEA10710,85.75,0.0,100.0,0.941,0.873
DEA10720,100.0,16.81,99.13,0.947,0.859
DEA10730,100.0,100.0,48.19,0.954,0.871
DEA10750,100.0,100.0,84.93,0.924,0.877
DEA10760,100.0,100.0,100.0,0.952,0.885
DEA10780,31.04,0.0,100.0,0.86,0.842
DEA10790,100.0,36.53,100.0,0.911,0.844
DEA10800,31.04,0.0,99.54,0.786,0.719
DEA10850,100.0,100.0,100.0,0.861,0.621
DEA10860,95.99,0.0,100.0,0.917,0.865
DEA10890,95.99,0.0,100.0,0.618,0.092
DEA10900,100.0,100.0,94.2,0.775,0.626
DEA10910,100.0,100.0,100.0,0.857,0.768
DEA10920,89.15,0.0,100.0,0.829,0.747
DEA10930,0.0,0.0,74.89,0.5,
DEA10940,100.0,56.57,100.0,0.902,0.603
DEA10950,100.0,100.0,97.27,0.825,0.68
DEA10960,100.0,56.57,90.94,0.795,0.331
DEA10970,100.0,16.54,100.0,0.917,0.639
DEA10980,48.13,0.0,100.0,0.925,0.671
DEA10990,100.0,16.54,100.0,0.912,0.837
DEA11010,100.0,46.17,100.0,0.937,0.894
DEA11040,89.27,100.0,87.29,0.93,0.882
DEA11050,96.29,0.0,100.0,0.886,0.776
DEA11060,0.0,0.0,70.46,0.557,
DEA11090,100.0,100.0,100.0,0.928,0.884
DEA11100,100.0,100.0,99.99,0.858,-0.447
DEA11110,79.14,0.0,99.23,0.892,0.748
DEA11120,100.0,96.55,100.0,0.923,0.819
DEA11130,100.0,100.0,100.0,0.912,0.846
DEA11140,85.45,0.0,95.35,0.815,0.665
DEA11160,92.57,0.0,100.0,0.86,0.74
DEA11180,100.0,100.0,100.0,0.929,0.854
DEA11200,100.0,100.0,100.0,0.937,0.884
DEA11240,85.74,0.0,100.0,0.873,0.748
DEA11260,100.0,100.0,93.91,0.906,0.835
DEA11360,51.54,0.0,100.0,0.485,0.186
DEA11390,75.48,0.0,99.83,0.456,0.045
DEA11410,75.48,0.0,99.99,0.492,0.45
DEA11430,75.48,0.0,99.97,0.704,0.276
DEA11440,75.48,0.0,99.99,0.563,-0.247
DEA11470,2.26,0.0,100.0,-0.226,-1.169
DEA11490,100.0,100.0,95.75,0.369,0.068
DEA11540,44.71,0.0,100.0,0.635,-0.288
DEA11620,85.14,0.0,100.0,0.836,0.73
DEA11630,85.74,0.0,100.0,0.822,0.715
DEA11650,100.0,56.57,99.13,0.876,0.752
DEA11670,100.0,56.57,100.0,0.891,0.782
DEA11680,20.78,0.0,100.0,0.843,0.813
DEA11690,61.8,0.0,100.0,0.922,0.868
DEA11700,90.3,0.0,100.0,0.939,0.871
DEA11710,48.3,0.0,94.87,0.919,0.872
DEA11720,89.44,0.0,100.0,0.934,0.829
DEA11730,46.2,0.0,100.0,0.862,0.741
DEA11740,58.39,0.0,99.9,0.851,0.834
DEA11750,76.34,0.0,99.33,0.852,0.767
DEA11770,100.0,100.0,100.0,0.931,0.869
DEA11790,100.0,100.0,100.0,0.924,0.872
DEA11800,17.36,0.0,100.0,0.902,0.846
DEA11810,50.95,0.0,88.99,0.804,0.732
DEA11820,71.58,0.0,99.99,0.884,0.76
DEA11830,99.85,36.31,99.99,0.883,0.779
DEA11840,100.0,38.28,99.16,0.821,0.701
DEA11850,100.0,16.54,99.2,0.855,0.765
DEA11860,0.0,0.0,78.33,0.649,
DEA11870,75.48,0.0,100.0,0.915,0.769
DEA11880,58.39,0.0,100.0,0.859,0.789
DEA11890,65.22,0.0,100.0,0.916,0.839
DEA11900,65.22,0.0,100.0,0.871,0.753
DEA11910,58.39,0.0,100.0,0.917,0.847
DEA11920,0.27,0.0,100.0,0.833,0.652
DEA11930,0.0,0.0,88.25,0.498,
DEA11940,58.39,0.0,100.0,0.863,0.757
DEA11950,54.97,0.0,100.0,0.859,0.797
DEA11960,54.97,0.0,100.0,0.848,0.775
DEA11970,41.3,0.0,100.0,0.917,0.816
DEA11980,100.0,100.0,100.0,0.938,0.851
DEA11990,72.06,0.0,100.0,0.868,0.779
DEA12000,100.0,100.0,100.0,0.938,0.85
DEA12010,100.0,100.0,100.0,0.92,0.809
DEA12030,58.39,0.0,100.0,0.953,0.862
DEA12040,0.0,0.0,88.72,0.554,
DEA12080,0.0,0.0,72.97,0.714,
DEA12100,100.0,100.0,100.0,0.85,0.784
DEA12130,89.45,0.0,94.81,0.904,0.767
DEA12140,100.0,100.0,100.0,0.855,0.694
DEA12150,72.36,0.0,99.97,0.901,0.763
DEA12160,100.0,58.32,98.98,0.798,0.719
DEA12170,82.29,0.0,100.0,0.843,0.727
DEA12180,100.0,36.53,100.0,0.847,0.752
DEB10000,68.94,0.0,99.77,0.861,0.77
DEB10010,100.0,98.3,99.91,0.905,0.842
DEB10020,100.0,100.0,99.9,0.92,0.855
DEB10030,18.53,0.0,99.91,0.696,0.629
DEB10040,100.0,100.0,99.91,0.729,0.61
DEB10060,89.17,58.32,99.91,0.735,0.624
DEB10070,100.0,58.32,98.66,0.625,0.58
DEB10080,100.0,100.0,99.9,0.677,0.504
DEB10090,100.0,100.0,99.89,0.802,0.718
DEB10100,100.0,53.29,99.87,0.771,0.678
DEB10110,100.0,98.3,99.63,0.784,0.609
DEB10120,92.87,0.0,99.87,0.791,0.552
DEB10130,100.0,100.0,99.91,0.823,0.717
DEB10140,68.94,0.0,89.97,0.744,0.673
DEB10160,92.87,0.0,89.6,0.732,0.646
DEB10170,79.19,0.0,89.97,0.73,0.675
DEB10190,100.0,100.0,99.91,0.91,0.835
DEB10200,100.0,100.0,99.91,0.945,0.873
DEB10210,100.0,100.0,99.91,0.898,0.824
DEB10220,100.0,100.0,99.91,0.933,0.839
DEB10230,100.0,100.0,99.91,0.881,0.806
DEB10240,100.0,38.28,99.91,0.859,0.793
DEB10260,0.0,0.0,57.92,0.6,
DEB10270,73.51,0.0,99.59,0.884,0.796
DEB10280,99.71,0.0,99.91,0.883,0.768
DEB10290,100.0,18.29,99.91,0.799,0.647
DEB10300,100.0,100.0,99.91,0.899,0.783
DEB10310,0.0,0.0,65.1,0.645,
DEB10320,100.0,100.0,99.89,0.759,0.618
DEB10330,100.0,100.0,99.79,0.742,0.675
DEB10340,100.0,100.0,99.91,0.891,0.852
DEB10350,79.19,0.0,99.91,0.839,0.765
DEB10360,100.0,100.0,98.92,0.748,0.699
DEB10380,68.93,0.0,99.39,0.76,0.705
DEB10390,92.87,0.0,99.91,0.839,0.746
DEB10400,92.87,0.0,99.91,0.823,0.729
DEB10410,100.0,100.0,99.91,0.845,0.683
DEB10420,100.0,100.0,99.67,0.926,0.78
DEB10430,92.87,0.0,99.64,0.808,0.657
DEB10450,75.78,0.0,99.76,0.795,0.56
DEB10460,92.87,0.0,99.57,0.859,0.687
DEB10470,99.72,18.29,99.91,0.734,0.664
DEB10480,79.19,0.0,99.91,0.9,0.752
DEB10490,92.87,0.0,99.89,0.758,0.663
DEB10500,92.87,0.0,99.91,0.867,0.791
DEB10510,92.87,0.0,99.91,0.715,0.577
DEB10520,92.87,0.0,99.77,0.757,0.643
DEB10530,75.78,0.0,99.91,0.807,0.69
DEB10540,92.87,0.0,99.91,0.848,0.738
DEB10550,21.08,0.0,99.91,0.888,0.726
DEB10560,27.47,0.0,99.91,0.919,0.845
DEB10570,100.0,100.0,99.91,0.903,0.832
DEB10580,92.87,0.0,99.91,0.837,0.794
DEB10590,82.62,0.0,99.89,0.795,0.696
DEB10600,79.19,0.0,99.91,0.688,0.634
DEB10610,100.0,100.0,99.91,0.948,0.87
DEB10620,100.0,100.0,99.91,0.931,0.844
DEB10630,92.87,0.0,99.9,0.919,0.816
DEB10640,100.0,100.0,99.63,0.919,0.828
DEB10650,100.0,100.0,99.91,0.891,0.821
DEB10660,100.0,100.0,99.91,0.788,0.687
DEB10680,63.53,0.0,99.87,0.301,0.127
DEB10690,51.84,0.0,89.97,0.616,0.488
DEB10700,99.71,0.0,99.91,0.717,0.596
DEB10710,86.04,0.0,99.91,0.81,0.709
DEB10720,0.0,0.0,94.61,0.761,
DEB10730,100.0,100.0,99.91,0.767,0.702
DEB10740,100.0,100.0,99.91,0.767,0.648
DEB10750,100.0,100.0,99.91,0.753,0.677
DEB10790,100.0,18.29,99.91,0.442,0.28
DEB10800,100.0,100.0,99.91,0.788,0.777
DEB10810,100.0,100.0,99.89,0.876,0.808
DEB10820,70.1,0.0,99.91,0.758,0.118
DEB10830,100.0,100.0,99.91,0.883,0.735
DEB10840,100.0,100.0,99.91,0.793,0.714
DEB10860,100.0,100.0,94.8,-0.267,-0.256
DEB10870,26.43,0.0,99.86,0.734,0.554
DEB10900,79.19,0.0,99.91,0.855,0.753
DEB10910,82.62,0.0,99.91,0.855,0.767
DEB10930,92.93,0.0,99.91,0.852,0.772
DEB10940,92.87,0.0,99.91,0.845,0.792
DEB10950,82.62,0.0,99.91,0.815,0.743
DEB10960,100.0,100.0,99.86,0.813,0.768
DEB10970,89.45,0.0,99.91,0.893,0.78
DEB10980,100.0,100.0,99.91,0.866,0.788
DEB10990,92.87,0.0,99.91,0.771,0.667
DEB11010,92.87,0.0,99.91,0.908,0.853
DEB11020,48.43,0.0,99.91,0.867,0.804
DEB11030,68.94,0.0,99.91,0.906,0.854
DEB11100,92.87,0.0,99.45,0.885,0.785
DEB11110,92.87,0.0,99.91,0.863,0.754
DEB11120,100.0,81.65,99.91,0.609,0.541
DEB11130,92.87,0.0,99.91,0.923,0.842
DEB11140,100.0,100.0,99.91,0.902,0.834
DEB11150,92.87,0.0,99.91,0.936,0.886
DEB11160,75.92,0.0,99.91,0.84,0.737
DEB11170,41.59,0.0,99.91,0.924,0.846
DEB11180,92.87,0.0,99.91,0.923,0.814
DEB11190,21.08,0.0,99.89,0.798,0.636
DEB11200,92.87,0.0,99.91,0.878,0.823
DEB11210,92.87,0.0,99.66,0.866,0.789
DEB11230,92.87,0.0,99.22,0.827,0.714
DEC10000,100.0,100.0,100.0,0.789,0.764
DEC10080,62.1,0.0,100.0,0.778,0.735
DEC10100,42.72,38.28,54.56,-0.059,-0.018
DEC10110,100.0,100.0,100.0,0.94,0.871
DEC10120,100.0,100.0,100.0,0.81,0.732
DEC10130,48.43,0.0,100.0,0.861,0.81
DEC10140,100.0,100.0,100.0,0.851,0.788
DEC10150,100.0,100.0,100.0,0.876,0.83
DEC10160,100.0,94.96,100.0,0.236,0.048
DEC10200,100.0,100.0,100.0,0.915,0.86
DEC10210,77.21,0.0,99.99,0.757,0.655
DEC10230,100.0,100.0,100.0,0.756,0.658
DEC10240,100.0,18.29,98.62,0.867,0.809
DEC10280,100.0,58.32,100.0,0.832,0.754
DEC10290,100.0,100.0,100.0,0.627,0.33
DEC10300,89.45,0.0,100.0,0.797,0.74
DEC10310,98.8,100.0,100.0,0.902,0.844
DEC10320,62.1,0.0,100.0,0.687,0.595
DEC10340,100.0,100.0,100.0,0.835,0.779
DEC10350,89.97,0.0,94.16,0.764,0.739
DEC10370,100.0,100.0,100.0,0.92,0.828
DEC10380,34.75,0.0,100.0,0.231,0.07
DEC10390,100.0,100.0,100.0,0.912,0.821
DEC10410,14.25,0.0,100.0,0.859,0.784
DEC10420,76.63,0.0,100.0,0.604,0.625
DEC10430,100.0,100.0,100.0,0.696,0.647
DEC10440,58.11,0.0,100.0,0.542,0.528
DED10050,51.84,0.0,94.37,0.889,0.711
DED10070,7.4,0.0,100.0,0.885,0.693
DED10220,96.58,38.28,100.0,0.796,0.673
DED10240,99.07,100.0,100.0,0.686,0.637
DED10260,27.92,0.0,100.0,0.87,0.756
DED10290,98.59,93.04,99.91,0.791,0.703
DED10300,100.0,100.0,100.0,0.723,0.547
DED10320,0.0,0.0,78.78,0.718,
DED10340,82.9,100.0,100.0,0.914,0.718
DED10400,99.93,100.0,100.0,0.731,0.641
DED10480,100.0,100.0,100.0,0.858,0.722
DED10530,90.88,100.0,100.0,0.854,0.567
DED10620,100.0,100.0,100.0,0.884,0.749
DED10640,55.26,0.0,100.0,0.638,0.538
DED10690,100.0,100.0,100.0,0.781,0.587
DED10700,100.0,100.0,100.0,0.912,0.747
DED10830,82.9,100.0,100.0,0.9,0.747
DED10860,34.75,0.0,100.0,0.87,0.667
DED10890,100.0,100.0,100.0,0.714,0.562
DED10920,27.92,0.0,100.0,0.839,0.682
DED10970,100.0,100.0,100.0,0.79,0.639
DED11050,100.0,100.0,100.0,0.896,0.731
DED11120,99.32,58.32,99.36,0.389,0.338
DED11150,99.46,100.0,99.93,0.85,0.742
DED11190,27.92,0.0,90.9,0.895,0.698
DED11280,100.0,100.0,100.0,0.817,0.691
DED11370,38.17,0.0,100.0,0.388,0.238
DED11420,100.0,100.0,100.0,0.824,0.554
DED11450,21.08,0.0,100.0,0.827,0.656
DED11460,100.0,100.0,100.0,0.896,0.708
DED11480,0.0,0.0,100.0,-0.005,
DED11490,0.0,0.0,73.59,0.105,
DED11510,16.25,0.0,97.26,0.71,0.516
DED11540,70.1,0.0,100.0,0.8,0.585
DED11610,99.32,98.3,100.0,0.745,0.639
DED11620,31.34,0.0,99.97,0.603,0.544
DED11640,77.9,98.3,100.0,0.853,0.628
DED11660,45.01,0.0,100.0,0.345,0.434
DED11690,0.0,0.0,64.51,0.82,
DED11720,0.0,0.0,83.97,0.733,
DED11790,7.4,0.0,100.0,0.51,0.292
DED11810,0.0,0.0,63.82,0.422,
DED11820,100.0,100.0,94.81,0.615,0.477
DED11840,82.62,0.0,100.0,0.609,0.451
DED11960,27.92,0.0,100.0,0.763,0.51
DED11980,38.18,0.0,100.0,0.825,0.725
DED11990,68.94,0.0,100.0,0.733,0.659
DED12030,0.0,0.0,52.82,0.599,
DED12100,89.75,78.31,94.81,0.622,0.547
DED12110,96.58,100.0,99.99,0.654,0.521
DED12180,9.41,0.0,100.0,0.862,0.639
DED12320,82.62,0.0,100.0,0.431,0.417
DED12340,0.0,0.0,58.01,0.516,
DED12370,100.0,98.3,99.99,0.409,0.286
DED12430,0.0,0.0,58.01,0.129,
DED12470,86.33,100.0,100.0,0.782,0.616
DED12500,100.0,100.0,100.0,0.76,0.62
DED12510,100.0,100.0,100.0,0.825,0.674
DED12520,100.0,100.0,100.0,0.8,0.664
DED12530,27.87,0.0,94.67,0.82,0.613
DED12570,100.0,100.0,100.0,0.735,0.683
DED12660,72.36,0.0,100.0,0.567,0.504
DED12680,100.0,100.0,100.0,0.879,0.773
DED12710,100.0,98.3,100.0,0.705,0.525
DEE10000,24.49,0.0,99.5,0.54,0.4
DEE10010,99.71,0.0,100.0,0.78,0.763
DEE10020,89.45,0.0,100.0,0.757,0.632
DEE10030,99.71,0.0,100.0,0.81,0.728
DEE10040,24.49,0.0,99.56,0.425,0.396
DEE10050,24.49,0.0,100.0,0.819,0.707
DEE10070,96.58,100.0,100.0,0.869,0.702
DEE10090,10.25,0.0,100.0,0.322,-0.273
DEE10100,12.25,0.0,100.0,0.618,-0.488
DEE10120,10.82,0.0,49.76,0.433,0.028
DEE10160,0.0,0.0,94.37,0.891,
DEE10170,100.0,100.0,100.0,0.897,0.824
DEE10190,65.86,0.0,94.88,0.933,0.82
DEE10200,100.0,100.0,100.0,0.788,0.78
DEE10210,96.29,100.0,97.45,0.844,0.759
DEE10230,29.07,0.0,73.59,0.171,0.264
DEE10240,90.02,100.0,97.33,0.493,0.592
DEE10250,7.4,0.0,99.62,0.709,0.448
DEE10260,98.76,18.29,96.62,0.71,0.646
DEE10270,100.0,98.3,100.0,-0.011,-0.135
DEE10280,95.43,100.0,96.94,0.68,0.467
DEE10290,73.5,34.94,99.35,-0.21,-0.774
DEE10310,7.4,0.0,98.29,-0.894,-0.397
DEE10340,23.63,0.0,50.63,0.585,0.353
DEE10350,24.09,0.0,100.0,0.688,0.67
DEE10360,7.4,0.0,100.0,0.691,0.479
DEE10370,86.09,100.0,100.0,0.623,0.548
DEE10380,72.36,0.0,99.54,0.619,0.593
DEE10390,0.0,0.0,83.11,0.431,
DEE10400,96.58,98.3,100.0,0.6,0.343
DEE10410,100.0,78.31,100.0,-0.022,-0.47
DEE10420,58.11,0.0,99.22,0.748,0.715
DEE10430,100.0,100.0,100.0,0.871,0.797
DEE10440,97.15,100.0,100.0,0.891,0.72
DEE10450,100.0,100.0,100.0,0.871,0.753
DEE10460,44.44,81.65,100.0,0.75,0.625
DEE10470,92.33,100.0,100.0,0.806,0.702
DEE10480,81.5,18.29,100.0,0.806,0.744
DEE10520,100.0,18.29,97.45,0.529,0.011
DEE10530,100.0,58.32,100.0,0.462,0.485
DEE10540,7.4,0.0,100.0,0.492,0.486
DEE10550,100.0,100.0,100.0,0.634,0.596
DEE10560,100.0,80.01,100.0,0.759,0.69
DEE10570,100.0,100.0,100.0,0.844,0.75
DEE10580,38.17,0.0,100.0,0.826,0.685
DEE10590,100.0,100.0,100.0,0.872,0.819
DEE10600,93.16,100.0,100.0,0.906,0.842
DEE10610,100.0,100.0,100.0,0.836,0.769
DEE10620,100.0,38.28,100.0,0.618,0.624
DEE10630,100.0,100.0,100.0,0.847,0.773
DEE10640,65.53,19.99,100.0,0.73,0.702
DEE10660,0.0,0.0,74.46,0.801,
DEE10670,100.0,100.0,100.0,0.907,0.801
DEE10680,100.0,100.0,100.0,0.839,0.731
DEE10690,65.52,0.0,100.0,0.797,0.613
DEE10700,31.34,0.0,91.55,0.712,0.554
DEE10710,100.0,100.0,100.0,0.713,0.63
DEE10720,99.71,0.0,94.81,0.794,0.695
DEE10730,96.29,0.0,100.0,0.872,0.739
DEE10740,55.26,0.0,100.0,0.833,0.695
DEE10760,93.17,100.0,94.8,0.513,0.317
DEE10790,100.0,38.28,100.0,0.622,0.539
DEE10810,45.01,0.0,100.0,0.776,0.788
DEE10830,89.45,0.0,100.0,0.698,0.383
DEE10840,14.25,0.0,94.8,0.696,0.591
DEE10850,86.04,0.0,100.0,0.294,-0.04
DEE10880,31.34,0.0,94.8,0.754,0.725
DEE10890,31.34,0.0,100.0,0.777,0.758
DEE10900,0.0,0.0,58.01,-0.489,
DEE10910,96.29,0.0,100.0,0.81,0.651
DEE10920,31.34,0.0,97.97,0.192,0.335
DEE10930,27.92,0.0,100.0,0.394,0.17
DEE10940,17.66,0.0,100.0,0.094,0.14
DEE10950,51.85,0.0,100.0,0.546,0.099
DEE10960,79.19,0.0,100.0,0.244,0.093
DEE10970,99.71,0.0,100.0,0.799,0.808
DEE10980,68.94,0.0,100.0,0.621,0.571
DEE11020,3.99,0.0,100.0,0.544,0.628
DEE11030,10.83,0.0,100.0,0.711,0.633
DEE11050,21.08,0.0,100.0,0.742,0.465
DEE11060,0.57,0.0,100.0,0.789,0.069
DEE11070,89.45,0.0,100.0,0.829,0.79
DEE11090,68.94,0.0,100.0,0.161,-0.159
DEE11100,0.0,0.0,63.2,0.659,
DEE11110,0.0,0.0,89.18,-5.471,
DEE11120,0.0,0.0,100.0,0.73,
DEE11130,21.08,0.0,100.0,0.703,0.651
DEE11140,21.08,0.0,94.8,0.558,0.352
DEE11150,24.49,0.0,100.0,0.733,0.484
DEE11160,24.49,0.0,100.0,0.829,0.744
DEE11170,82.62,0.0,100.0,0.853,0.793
DEE11200,92.87,0.0,94.8,0.408,0.019
DEE11210,10.82,0.0,89.6,0.851,0.645
DEE11220,24.49,0.0,96.96,0.217,0.337
DEE11230,51.85,0.0,100.0,0.76,0.703
DEE11250,24.49,0.0,100.0,0.841,0.679
DEF10110,30.77,0.0,100.0,0.869,0.821
DEF10160,0.0,0.0,99.37,0.747,
DEF10190,5.14,0.0,100.0,0.863,0.897
DEF10220,37.89,0.0,100.0,0.805,0.716
DEF10230,51.84,0.0,100.0,0.838,0.704
DEF10240,51.84,0.0,100.0,0.786,0.661
DEF10250,0.0,0.0,93.47,0.615,
DEF10280,25.36,0.0,100.0,0.867,0.759
DEF10380,51.84,0.0,100.0,0.882,0.85
DEF10440,42.17,0.0,100.0,0.807,0.79
DEF10460,37.89,0.0,100.0,0.574,0.355
DEF10480,27.92,0.0,99.33,0.851,0.793
DEF10510,0.0,0.0,99.05,0.606,
DEF10600,51.84,0.0,100.0,0.889,0.863
DEF10640,51.53,0.0,100.0,0.779,0.71
DEF10670,51.84,0.0,100.0,0.83,0.803
DEF10710,51.84,0.0,100.0,0.872,0.805
DEF10720,0.0,0.0,89.72,0.683,
DEF10790,51.84,0.0,37.37,0.743,0.743
DEF10830,51.84,0.0,100.0,0.787,0.615
DEF10920,29.18,0.0,100.0,0.686,0.577
DEF10930,51.84,0.0,100.0,0.824,0.819
DEF10980,51.58,0.0,100.0,0.872,0.816
DEF11020,3.99,0.0,82.48,0.787,0.28
DEF11050,0.0,0.0,89.69,0.838,
DEF11060,51.84,0.0,100.0,0.837,0.74
DEF11070,27.34,0.0,100.0,0.868,0.83
DEF11220,0.0,0.0,53.37,-0.369,
DEF11240,51.84,0.0,100.0,0.91,0.894
DEF11250,29.07,0.0,100.0,0.882,0.794
DEF11280,15.29,0.0,100.0,0.842,0.801
DEF11310,3.42,0.0,99.54,0.715,0.466
DEF11320,0.0,0.0,99.46,-502.267,
DEF11360,0.0,0.0,88.99,0.659,
DEF11420,0.0,0.0,93.9,0.768,
DEF11430,51.83,0.0,100.0,0.736,0.66
DEF11510,26.79,0.0,52.84,0.806,0.681
DEF11570,31.04,0.0,100.0,0.68,0.73
DEF11730,51.84,0.0,100.0,0.846,0.785
DEF11750,44.07,0.0,1.78,-4.543,-0.579
DEF11760,51.56,0.0,100.0,0.882,0.83
DEF11770,51.84,0.0,99.52,0.897,0.894
DEF11780,0.0,0.0,92.28,0.651,
DEF11820,0.0,0.0,90.8,0.445,
DEF11900,51.84,0.0,100.0,0.867,0.813
DEF11950,16.54,0.0,37.86,0.639,0.632
DEF11970,51.84,0.0,37.24,0.864,0.805
DEF12040,39.32,0.0,100.0,0.781,0.756
DEF12080,0.0,0.0,82.47,0.587,
DEF12090,51.84,0.0,100.0,0.894,0.854
DEF12170,0.0,0.0,88.42,0.902,
DEF12200,0.0,0.0,89.18,0.794,
DEF12210,0.0,0.0,90.47,0.878,
DEF12330,16.25,0.0,100.0,0.879,0.847
DEF12340,15.68,0.0,100.0,0.819,0.768
DEF12360,41.31,0.0,52.8,0.826,0.877
DEF12450,16.25,0.0,100.0,0.841,0.791
DEF12460,1.1,0.0,53.06,0.623,0.666
DEF12540,0.0,0.0,87.09,0.838,
DEF12550,51.84,0.0,16.23,0.912,0.824
DEF12650,39.3,0.0,93.34,0.551,0.44
DEF12680,0.0,0.0,93.1,0.846,
DEF12700,51.84,0.0,99.45,0.837,0.67
DEF12710,51.84,0.0,37.74,0.835,0.599
DEF12720,47.28,0.0,100.0,0.835,0.77
DEF12730,0.0,0.0,89.9,0.837,
DEF12770,0.0,0.0,100.0,0.765,
DEF12830,27.64,0.0,100.0,0.82,0.748
DEF12840,18.25,0.0,90.24,0.796,0.762
DEF12940,51.84,0.0,100.0,0.902,0.864
DEF12960,51.84,0.0,100.0,0.833,0.843
DEF12980,21.08,0.0,26.39,0.723,0.717
DEF13040,17.65,0.0,100.0,0.793,0.734
DEF13080,0.0,0.0,100.0,0.846,
DEF13090,0.0,0.0,89.46,0.391,
DEF13110,48.43,0.0,100.0,0.834,0.854
DEF13120,1.14,0.0,100.0,0.885,0.621
DEF13130,0.0,0.0,99.05,0.642,
DEF13180,0.31,0.0,100.0,0.878,0.572
DEF13200,0.31,0.0,60.15,-16.218,-4.626
DEF13210,0.0,0.0,100.0,0.917,
DEF13240,51.84,0.0,100.0,0.874,0.892
DEF13250,51.84,0.0,100.0,0.825,0.824
DEF13390,48.44,0.0,100.0,0.869,0.73
DEF13410,51.84,0.0,100.0,0.808,0.854
DEF13450,51.84,0.0,100.0,0.885,0.874
DEF13480,41.31,0.0,99.7,0.869,0.875
DEF13490,51.84,0.0,100.0,0.836,0.809
DEF13560,51.84,0.0,100.0,0.896,0.75
DEF13580,51.84,0.0,100.0,0.855,0.775
DEF13590,51.84,0.0,100.0,0.853,0.776
DEF13620,51.84,0.0,100.0,0.692,0.573
DEF13680,51.84,0.0,100.0,0.899,0.815
DEF13710,51.84,0.0,100.0,0.858,0.782
DEF13760,29.07,0.0,100.0,0.877,0.899
DEF13790,50.69,0.0,100.0,0.787,0.636
DEF13980,0.0,0.0,99.66,0.667,
DEF14050,51.84,0.0,100.0,0.927,0.869
DEF14080,0.0,0.0,91.71,0.68,
DEF14090,0.0,0.0,59.19,0.472,
DEF14110,4.69,0.0,52.99,0.821,0.875
DEF14120,51.84,0.0,100.0,0.857,0.809
DEF14130,48.15,0.0,100.0,0.878,0.836
DEF14170,51.84,0.0,100.0,0.85,0.75
DEF14200,50.98,0.0,100.0,0.527,0.127
DEF14230,0.0,0.0,52.83,0.855,
DEF14320,9.7,0.0,99.59,0.846,0.825
DEF14350,51.84,0.0,100.0,0.811,0.776
DEF14440,51.84,0.0,100.0,0.711,0.678
DEF14500,51.84,0.0,100.0,0.936,0.892
DEF14550,2.57,0.0,100.0,0.818,0.166
DEF14580,51.84,0.0,100.0,0.805,0.848
DEF14770,51.84,0.0,100.0,0.714,0.622
DEF14820,0.0,0.0,71.54,0.677,
DEF14840,51.84,0.0,100.0,0.82,0.688
DEF14890,51.84,0.0,100.0,0.913,0.847
DEF14940,51.84,0.0,100.0,0.899,0.839
DEF14990,51.84,0.0,100.0,0.838,0.642
DEF15060,51.84,0.0,100.0,0.888,0.853
DEF15070,51.83,0.0,97.94,0.805,0.832
DEF15080,51.57,0.0,100.0,0.788,0.705
DEG10000,100.0,100.0,100.0,0.791,0.68
DEG10010,100.0,100.0,100.0,0.816,0.693
DEG10020,100.0,100.0,100.0,0.828,0.752
DEG10050,100.0,100.0,100.0,0.834,0.679
DEG10060,100.0,100.0,100.0,0.944,0.845
DEG10080,27.92,0.0,100.0,0.901,0.819
DEG10090,100.0,100.0,100.0,0.821,0.65
DEG10100,100.0,100.0,100.0,0.794,0.672
DEG10110,100.0,100.0,100.0,0.899,0.774
DEG10120,93.17,100.0,100.0,0.882,0.68
DEG10130,89.75,100.0,100.0,0.856,0.777
DEG10140,100.0,100.0,100.0,0.911,0.812
DEG10150,100.0,100.0,100.0,0.867,0.747
DEG10160,100.0,100.0,100.0,0.95,0.861
DEG10170,100.0,100.0,100.0,0.704,0.573
DEG10200,100.0,100.0,94.81,0.844,0.764
DEG10220,100.0,100.0,100.0,0.612,0.575
DEG10230,100.0,100.0,100.0,0.959,0.859
DEG10240,100.0,100.0,100.0,0.805,0.537
DEG10250,100.0,100.0,100.0,0.916,0.805
DEG10270,58.69,0.0,100.0,0.681,0.526
DEG10280,100.0,100.0,100.0,0.889,0.761
DEG10290,72.37,0.0,100.0,0.837,0.75
DEG10300,100.0,100.0,100.0,0.901,0.772
DEG10310,100.0,100.0,100.0,0.867,0.779
DEG10320,100.0,100.0,100.0,0.877,0.747
DEG10330,100.0,100.0,100.0,0.919,0.814
DEG10350,100.0,100.0,100.0,0.907,0.785
DEG10360,86.04,0.0,100.0,0.882,0.711
DEG10370,100.0,100.0,100.0,0.939,0.844
DEG10380,100.0,100.0,100.0,0.866,0.695
DEG10390,100.0,100.0,100.0,0.882,0.761
DEG10400,100.0,100.0,100.0,0.835,0.733
DEG10410,41.59,0.0,100.0,0.937,0.855
DEG10420,100.0,100.0,100.0,0.844,0.709
DEG10430,100.0,100.0,100.0,0.864,0.671
DEG10440,100.0,100.0,100.0,0.907,0.838
DEG10450,100.0,100.0,100.0,0.899,0.784
DEG10460,31.34,0.0,100.0,0.892,0.755
DEG10470,100.0,100.0,100.0,0.88,0.847
DEG10510,100.0,100.0,100.0,0.929,0.828
DEG10520,55.27,0.0,100.0,0.897,0.792
DEG10530,100.0,100.0,100.0,0.904,0.828
DEG10540,100.0,100.0,100.0,0.878,0.772
DEG10550,100.0,100.0,100.0,0.894,0.773
DEG10560,100.0,100.0,100.0,0.813,0.699
DEG10580,100.0,100.0,100.0,0.918,0.745
DEG10590,100.0,100.0,100.0,0.953,0.865
DEG10600,100.0,100.0,100.0,0.601,0.515
DEG10610,100.0,100.0,100.0,0.779,0.664
DEG10620,100.0,100.0,96.83,0.89,0.785
