gauge_id,artificial_surfaces_perc,agricultural_areas_perc,forests_and_seminatural_areas_perc,wetlands_perc,water_bodies_perc
DE110000,7.84,44.25,47.51,0.24,0.17
DE110010,7.82,42.92,48.89,0.22,0.15
DE110020,7.21,44.28,48.2,0.11,0.2
DE110030,6.26,50.69,42.49,0.31,0.25
DE110040,3.38,57.5,39.12,0.0,0.0
DE110060,4.67,57.23,33.49,4.29,0.33
DE110080,4.51,59.58,35.91,0.0,0.0
DE110090,7.18,60.97,31.85,0.0,0.0
DE110100,7.88,41.17,50.67,0.19,0.1
DE110120,3.68,73.05,23.27,0.0,0.0
DE110130,2.03,62.84,35.13,0.0,0.0
DE110140,8.84,42.82,47.57,0.78,0.0
DE110150,7.76,42.28,49.6,0.21,0.15
DE110160,6.12,64.71,29.17,0.0,0.0
DE110170,2.73,68.29,28.98,0.0,0.0
DE110180,2.38,57.34,40.28,0.0,0.0
DE110190,3.53,78.22,18.25,0.0,0.0
DE110200,3.63,76.09,20.28,0.0,0.0
DE110210,5.1,61.38,33.52,0.0,0.0
DE110220,1.05,79.85,19.07,0.03,0.0
DE110250,0.08,49.53,50.39,0.0,0.0
DE110260,1.68,15.95,82.37,0.0,0.0
DE110270,2.23,22.73,75.04,0.0,0.0
DE110280,5.91,42.29,51.8,0.0,0.0
DE110290,4.49,26.31,69.19,0.0,0.0
DE110300,2.06,29.7,68.24,0.0,0.0
DE110310,3.65,22.63,73.66,0.0,0.06
DE110320,0.78,8.69,90.52,0.0,0.0
DE110330,3.18,25.95,70.86,0.0,0.0
DE110340,2.9,19.61,77.49,0.0,0.0
DE110350,13.11,51.72,35.04,0.13,0.0
DE110360,11.33,51.26,37.32,0.08,0.0
DE110370,10.61,52.37,36.97,0.05,0.0
DE110380,2.82,20.68,76.1,0.0,0.39
DE110390,15.67,73.71,10.62,0.0,0.0
DE110400,11.11,51.29,37.55,0.02,0.03
DE110410,9.99,37.56,52.45,0.0,0.0
DE110420,13.56,43.26,43.18,0.0,0.0
DE110430,9.13,47.22,43.65,0.0,0.0
DE110440,3.46,30.52,66.02,0.0,0.0
DE110450,11.49,69.09,19.42,0.0,0.0
DE110460,0.0,15.81,84.18,0.0,0.0
DE110470,10.77,69.12,20.1,0.0,0.0
DE110480,8.82,61.46,29.72,0.0,0.0
DE110490,11.46,46.71,41.82,0.0,0.0
DE110500,9.29,55.03,35.68,0.0,0.0
DE110510,1.16,3.29,95.55,0.0,0.0
DE110520,3.01,4.1,92.73,0.16,0.0
DE110530,5.73,60.43,33.85,0.0,0.0
DE110540,10.24,55.97,33.79,0.0,0.0
DE110550,5.02,63.96,30.96,0.0,0.06
DE110560,5.57,65.37,29.06,0.0,0.0
DE110570,7.86,36.65,55.4,0.0,0.09
DE110600,5.07,67.35,25.9,0.95,0.72
DE110610,2.25,35.85,61.9,0.0,0.0
DE110620,3.59,66.21,22.12,7.41,0.67
DE110640,13.35,32.56,54.09,0.0,0.0
DE110650,4.85,58.65,36.5,0.0,0.0
DE110660,5.33,48.42,46.26,0.0,0.0
DE110670,4.46,59.57,35.97,0.0,0.0
DE110680,2.65,25.58,71.77,0.0,0.0
DE110690,13.09,36.8,50.11,0.0,0.0
DE110700,8.3,67.95,23.74,0.0,0.0
DE110710,12.06,65.98,21.96,0.0,0.0
DE110730,3.65,58.42,37.66,0.0,0.28
DE110750,6.87,35.87,57.26,0.0,0.0
DE110780,8.52,68.58,22.9,0.0,0.0
DE110790,6.96,72.66,20.37,0.0,0.0
DE110810,0.0,31.61,68.39,0.0,0.0
DE110820,1.12,81.18,17.7,0.0,0.0
DE110830,1.21,54.98,43.8,0.0,0.0
DE110840,0.0,73.97,26.03,0.0,0.0
DE110860,3.78,68.73,24.99,1.6,0.89
DE110870,0.31,10.78,88.91,0.0,0.0
DE110880,6.13,55.96,36.79,0.0,1.12
DE110900,4.16,32.04,63.69,0.0,0.11
DE110920,4.68,9.55,85.63,0.0,0.14
DE110930,10.97,52.24,36.79,0.0,0.0
DE110940,7.61,23.53,68.85,0.0,0.0
DE110950,2.95,60.82,35.28,0.79,0.16
DE110960,4.9,62.96,31.8,0.0,0.35
DE110970,5.86,63.55,30.51,0.0,0.08
DE110980,9.79,56.0,34.21,0.0,0.0
DE110990,7.09,40.92,51.99,0.0,0.0
DE111000,2.23,39.32,58.45,0.0,0.0
DE111010,6.08,49.05,44.87,0.0,0.0
DE111020,5.3,71.73,22.98,0.0,0.0
DE111030,12.74,49.25,37.97,0.02,0.03
DE111040,15.5,44.46,40.05,0.0,0.0
DE111060,2.87,62.42,34.72,0.0,0.0
DE111070,19.53,46.64,33.83,0.0,0.0
DE111110,1.83,16.17,82.0,0.0,0.0
DE111120,6.84,4.87,88.29,0.0,0.0
DE111130,16.51,60.31,23.18,0.0,0.0
DE111140,3.41,67.52,28.42,0.59,0.06
DE111150,10.74,51.47,37.79,0.0,0.0
DE111160,8.03,64.05,27.08,0.61,0.23
DE111170,4.0,59.54,34.35,1.24,0.87
DE111180,2.51,62.38,35.12,0.0,0.0
DE111190,2.61,35.18,62.21,0.0,0.0
DE111210,7.39,62.51,29.08,0.74,0.28
DE111220,7.9,69.2,22.4,0.5,0.0
DE111230,1.8,68.6,29.6,0.01,0.0
DE111240,2.43,56.86,40.45,0.27,0.0
DE111250,16.21,61.57,22.22,0.0,0.0
DE111260,10.21,6.13,83.66,0.0,0.0
DE111270,15.69,55.43,28.88,0.0,0.0
DE111280,4.2,28.22,67.58,0.0,0.0
DE111290,9.37,42.78,47.84,0.0,0.0
DE111300,5.43,36.41,58.16,0.0,0.0
DE111310,7.94,56.8,35.26,0.0,0.0
DE111320,7.42,34.33,58.12,0.0,0.14
DE111330,2.16,13.81,84.02,0.0,0.0
DE111340,0.64,1.35,97.51,0.49,0.0
DE111350,0.0,0.0,98.01,1.99,0.0
DE111360,0.0,0.43,99.57,0.0,0.0
DE111370,5.52,45.27,49.2,0.0,0.0
DE111380,13.98,34.64,51.38,0.0,0.0
DE111390,14.18,47.86,37.95,0.0,0.0
DE111400,9.24,17.5,73.27,0.0,0.0
DE111410,3.28,10.99,85.72,0.0,0.0
DE111420,0.41,0.0,99.59,0.0,0.0
DE111430,1.99,30.23,67.78,0.0,0.0
DE111440,1.68,8.95,89.37,0.0,0.0
DE111450,6.94,65.52,26.46,0.95,0.12
DE111460,4.52,66.34,29.05,0.0,0.09
DE111470,3.1,65.55,31.36,0.0,0.0
DE111480,3.69,38.04,57.96,0.0,0.32
DE111490,1.48,10.69,87.83,0.0,0.0
DE111500,0.0,26.58,73.42,0.0,0.0
DE111510,5.63,28.97,65.39,0.0,0.0
DE111550,8.99,52.89,38.12,0.0,0.0
DE111560,11.55,33.34,55.04,0.03,0.03
DE111570,5.65,52.86,41.3,0.0,0.19
DE111580,20.7,50.04,29.26,0.0,0.0
DE111590,8.67,46.34,44.99,0.0,0.0
DE111600,7.05,53.32,39.63,0.0,0.0
DE111610,4.85,64.98,30.14,0.0,0.03
DE111620,8.08,30.72,61.2,0.0,0.0
DE111630,6.97,49.76,43.27,0.0,0.0
DE111640,13.9,44.99,41.11,0.0,0.0
DE111650,8.52,52.06,39.41,0.0,0.0
DE111660,7.5,34.16,58.34,0.0,0.0
DE111670,35.83,51.66,12.51,0.0,0.0
DE111680,6.64,56.02,37.34,0.0,0.0
DE111690,24.41,37.87,37.71,0.0,0.0
DE111700,6.64,69.84,23.52,0.0,0.0
DE111710,7.89,43.71,48.4,0.0,0.0
DE111720,10.9,31.25,57.77,0.04,0.04
DE111730,12.0,51.38,36.62,0.0,0.0
DE111740,7.11,42.86,50.04,0.0,0.0
DE111770,0.0,63.71,36.29,0.0,0.0
DE111780,3.69,32.35,63.96,0.0,0.0
DE111790,6.65,44.24,47.6,1.51,0.0
DE111810,0.34,21.56,78.1,0.0,0.0
DE111820,16.41,47.8,35.79,0.0,0.0
DE111830,5.67,46.82,47.21,0.29,0.0
DE111840,10.25,42.82,46.93,0.0,0.0
DE111850,0.44,21.73,77.83,0.0,0.0
DE111860,10.01,19.38,70.61,0.0,0.0
DE111870,3.44,20.63,75.92,0.0,0.0
DE111880,0.0,31.35,68.65,0.0,0.0
DE111890,4.06,73.45,22.49,0.0,0.0
DE111900,5.73,32.95,61.32,0.0,0.0
DE111910,16.17,45.47,38.35,0.0,0.0
DE111920,11.07,31.17,57.69,0.04,0.04
DE111940,8.64,48.37,42.99,0.0,0.0
DE111960,3.53,19.75,76.64,0.0,0.08
DE111980,4.1,52.21,43.69,0.0,0.0
DE111990,4.05,63.9,25.98,4.92,1.15
DE112010,10.84,55.41,33.75,0.0,0.0
DE112020,3.36,80.27,16.37,0.0,0.0
DE112030,12.53,38.72,48.71,0.02,0.02
DE112040,5.37,36.37,58.26,0.0,0.0
DE112050,7.23,32.8,59.97,0.0,0.0
DE112060,4.98,53.19,41.83,0.0,0.0
DE112070,15.1,48.99,35.92,0.0,0.0
DE112100,1.91,50.6,47.49,0.0,0.0
DE112110,4.77,64.86,30.37,0.0,0.0
DE112120,4.83,45.82,49.35,0.0,0.0
DE112130,10.97,52.24,36.79,0.0,0.0
DE112140,5.66,61.71,32.64,0.0,0.0
DE112160,2.72,3.86,93.24,0.19,0.0
DE112180,14.99,41.57,43.44,0.0,0.0
DE112200,2.46,4.09,93.27,0.17,0.0
DE112220,10.18,55.91,33.9,0.0,0.0
DE112260,2.8,2.37,94.52,0.31,0.0
DE112280,18.19,51.94,29.87,0.0,0.0
DE112310,9.23,55.23,35.44,0.1,0.0
DE112320,5.24,68.71,26.05,0.0,0.0
DE112330,3.65,22.16,74.13,0.0,0.06
DE112350,8.0,53.57,38.43,0.0,0.0
DE112360,5.46,77.99,16.55,0.0,0.0
DE112370,11.81,55.91,32.28,0.0,0.0
DE112380,9.35,69.13,21.52,0.0,0.0
DE112390,7.64,39.11,53.26,0.0,0.0
DE112400,3.66,48.59,47.75,0.0,0.0
DE112410,12.57,32.47,54.95,0.0,0.0
DE112420,1.25,27.42,71.34,0.0,0.0
DE112450,1.15,54.11,44.74,0.0,0.0
DE112480,14.55,53.75,31.26,0.0,0.44
DE112490,10.16,33.37,56.46,0.0,0.0
DE112500,4.0,75.68,20.31,0.0,0.0
DE210300,0.0,0.1,99.9,0.0,0.0
DE210310,0.0,2.83,97.17,0.0,0.0
DE210320,3.29,34.64,62.07,0.0,0.0
DE210350,2.11,78.34,7.01,3.2,9.34
DE210370,3.21,72.49,23.09,1.22,0.0
DE210380,17.55,64.58,17.87,0.0,0.0
DE210400,7.81,68.18,24.0,0.0,0.0
DE210410,5.11,71.88,23.01,0.0,0.0
DE210420,4.58,66.64,28.65,0.0,0.12
DE210430,4.51,66.29,29.04,0.0,0.16
DE210450,5.23,76.51,17.99,0.0,0.27
DE210460,6.95,67.1,25.72,0.0,0.22
DE210470,7.06,68.96,23.98,0.0,0.0
DE210480,5.95,58.58,35.47,0.0,0.0
DE210490,8.38,48.23,43.4,0.0,0.0
DE210500,4.17,52.22,43.61,0.0,0.0
DE210510,4.64,68.62,26.74,0.0,0.0
DE210520,4.88,65.38,29.69,0.0,0.06
DE210530,4.86,68.25,26.75,0.05,0.09
DE210540,5.5,68.89,25.52,0.03,0.07
DE210550,3.63,61.2,35.17,0.0,0.0
DE210560,7.55,71.52,20.93,0.0,0.0
DE210570,3.98,60.4,35.62,0.0,0.0
DE210580,6.06,56.91,37.03,0.0,0.0
DE210590,3.41,50.94,45.65,0.0,0.0
DE210600,7.65,44.66,47.69,0.0,0.0
DE210610,7.75,47.85,44.4,0.0,0.0
DE210710,0.0,0.95,99.05,0.0,0.0
DE210720,2.12,29.91,66.42,1.56,0.0
DE210730,1.41,51.01,43.43,4.15,0.0
DE210830,1.39,50.0,48.61,0.0,0.0
DE210840,2.23,77.73,18.96,0.77,0.31
DE210860,1.31,59.64,38.71,0.35,0.0
DE210870,5.62,71.82,22.56,0.0,0.0
DE210880,3.94,82.08,13.98,0.0,0.0
DE210900,8.04,69.71,22.25,0.0,0.0
DE210910,6.4,72.22,21.38,0.0,0.0
DE210920,7.3,71.86,20.84,0.0,0.0
DE210940,6.97,68.9,24.13,0.0,0.0
DE210950,6.94,69.04,23.98,0.0,0.03
DE210960,7.44,71.98,20.24,0.0,0.34
DE210970,2.04,73.05,24.91,0.0,0.0
DE211000,6.02,71.85,22.12,0.0,0.0
DE211010,5.8,69.0,25.2,0.0,0.0
DE211030,6.18,70.81,23.01,0.0,0.0
DE211040,0.0,71.88,28.12,0.0,0.0
DE211050,3.38,72.04,24.58,0.0,0.0
DE211060,4.08,68.7,26.52,0.05,0.64
DE211070,4.1,69.93,25.44,0.04,0.5
DE211080,4.33,60.97,34.35,0.03,0.32
DE211090,4.25,59.82,35.7,0.02,0.21
DE211100,2.31,65.88,31.8,0.0,0.0
DE211110,1.3,34.29,64.41,0.0,0.0
DE211120,5.24,67.1,27.55,0.0,0.11
DE211130,1.72,68.02,30.26,0.0,0.0
DE211150,4.11,66.04,29.85,0.0,0.0
DE211160,4.31,60.59,35.1,0.0,0.0
DE211250,0.51,10.13,89.36,0.0,0.0
DE211260,4.72,35.09,60.19,0.0,0.0
DE211270,0.0,9.76,90.24,0.0,0.0
DE211280,0.0,32.27,67.73,0.0,0.0
DE211290,3.18,64.37,31.84,0.0,0.61
DE211310,4.33,41.77,52.73,0.18,0.99
DE211320,4.52,45.95,48.29,0.15,1.09
DE211450,2.99,54.58,42.42,0.0,0.0
DE211460,4.4,30.36,64.97,0.0,0.28
DE211470,6.41,42.52,50.8,0.0,0.27
DE211490,5.21,42.95,51.73,0.0,0.11
DE211500,11.58,45.17,43.25,0.0,0.0
DE211510,1.93,47.22,50.85,0.0,0.0
DE211580,0.5,50.28,49.21,0.0,0.0
DE211620,3.11,45.88,51.01,0.0,0.0
DE211700,1.22,55.13,43.66,0.0,0.0
DE211720,0.77,55.86,43.37,0.0,0.0
DE211730,1.19,56.78,42.03,0.0,0.0
DE211740,2.92,66.68,30.4,0.0,0.0
DE211760,4.72,74.73,20.54,0.0,0.0
DE211770,4.87,71.91,23.23,0.0,0.0
DE211780,3.13,74.78,22.09,0.0,0.0
DE211790,1.09,91.76,7.15,0.0,0.0
DE211800,1.85,31.75,66.4,0.0,0.0
DE211940,7.94,73.47,18.59,0.0,0.0
DE212130,0.0,30.82,69.18,0.0,0.0
DE212290,0.0,0.0,100.0,0.0,0.0
DE212300,2.78,44.12,44.76,7.34,1.0
DE212310,3.69,39.92,42.38,7.02,6.99
DE212320,2.1,44.53,51.87,0.5,0.99
DE212330,7.54,63.04,29.42,0.0,0.0
DE212340,2.42,68.86,28.73,0.0,0.0
DE212350,3.46,62.27,33.78,0.49,0.0
DE212370,0.75,35.03,64.21,0.0,0.0
DE212380,10.64,68.21,21.15,0.0,0.0
DE212390,9.29,35.01,34.94,2.83,17.92
DE212400,11.63,32.41,38.16,2.43,15.38
DE212430,14.19,54.42,28.59,2.2,0.6
DE212440,4.04,54.69,41.27,0.0,0.0
DE212450,5.54,74.39,20.06,0.0,0.0
DE212460,5.73,76.39,17.88,0.0,0.0
DE212470,5.86,47.36,46.78,0.0,0.0
DE212500,5.39,82.49,12.08,0.0,0.04
DE212530,5.31,77.43,17.26,0.0,0.0
DE212540,2.52,70.75,26.73,0.0,0.0
DE212550,1.38,45.68,52.94,0.0,0.0
DE212560,2.94,82.49,14.56,0.0,0.0
DE212570,3.29,79.63,16.96,0.0,0.13
DE212580,3.02,77.66,19.26,0.0,0.07
DE212590,3.2,84.68,12.12,0.0,0.0
DE212600,2.88,82.68,14.44,0.0,0.0
DE212610,0.89,76.8,22.31,0.0,0.0
DE212620,2.28,74.03,23.69,0.0,0.0
DE212640,5.74,74.29,19.97,0.0,0.0
DE212650,4.69,51.12,44.19,0.0,0.0
DE212680,0.0,0.0,100.0,0.0,0.0
DE212690,4.11,16.03,79.28,0.58,0.0
DE212710,3.58,50.23,46.19,0.0,0.0
DE212760,2.72,54.76,42.52,0.0,0.0
DE212870,0.01,6.05,93.95,0.0,0.0
DE212890,1.51,39.36,59.13,0.0,0.0
DE212900,3.54,62.88,27.23,0.0,6.35
DE212980,3.76,9.88,86.37,0.0,0.0
DE213010,8.93,31.41,55.92,0.0,3.74
DE213050,1.56,60.55,37.29,0.6,0.0
DE213060,5.14,61.56,32.76,0.28,0.25
DE213100,3.47,40.62,48.55,6.97,0.39
DE213110,1.79,62.3,35.91,0.0,0.0
DE213130,1.88,67.12,29.11,1.19,0.71
DE213140,9.06,59.74,31.2,0.0,0.0
DE213150,4.12,69.73,26.15,0.0,0.0
DE213170,4.25,79.57,16.18,0.0,0.0
DE213180,3.59,62.02,34.4,0.0,0.0
DE213310,2.58,2.96,94.46,0.0,0.0
DE213360,3.62,33.14,61.96,1.29,0.0
DE213450,2.96,35.55,61.49,0.0,0.0
DE213460,2.46,58.16,39.39,0.0,0.0
DE213470,2.11,60.88,36.98,0.03,0.0
DE213480,2.52,65.19,31.36,0.93,0.0
DE213490,0.28,36.14,63.58,0.0,0.0
DE213500,0.01,81.67,18.32,0.0,0.0
DE213510,2.49,68.42,22.02,0.38,6.69
DE213520,3.77,67.76,28.47,0.0,0.0
DE213530,2.67,82.07,15.26,0.0,0.0
DE213540,3.58,80.12,16.31,0.0,0.0
DE213550,3.47,80.52,15.92,0.0,0.09
DE213560,3.53,78.62,17.79,0.0,0.06
DE213570,3.93,78.65,17.37,0.0,0.05
DE213580,3.64,76.4,19.96,0.0,0.0
DE213590,1.86,82.12,16.02,0.0,0.0
DE213600,5.08,80.94,13.98,0.0,0.0
DE213620,2.06,75.86,22.08,0.0,0.0
DE213630,5.39,53.81,40.8,0.0,0.0
DE213640,0.63,39.99,59.38,0.0,0.0
DE213670,2.1,63.77,34.13,0.0,0.0
DE213680,2.87,62.84,34.29,0.0,0.0
DE213690,7.16,55.05,37.76,0.0,0.03
DE213700,6.31,47.3,46.3,0.0,0.08
DE213710,6.25,50.06,43.48,0.01,0.21
DE213720,7.67,50.5,41.56,0.0,0.26
DE213730,7.67,50.79,41.24,0.0,0.3
DE213740,7.83,52.91,38.92,0.0,0.33
DE213770,3.86,13.46,82.68,0.0,0.0
DE213780,5.57,57.17,37.26,0.0,0.0
DE213800,10.91,63.31,25.78,0.0,0.0
DE213820,4.79,54.51,40.7,0.0,0.0
DE213830,4.82,54.48,40.71,0.0,0.0
DE213840,3.47,53.1,43.43,0.0,0.0
DE213850,1.1,43.95,54.95,0.0,0.0
DE213860,3.22,51.87,44.9,0.0,0.0
DE213870,3.83,52.51,43.66,0.0,0.0
DE213880,2.26,52.33,45.42,0.0,0.0
DE213890,9.48,53.44,37.08,0.0,0.0
DE213900,8.08,53.76,38.16,0.0,0.0
DE213910,2.06,68.98,28.96,0.0,0.0
DE213920,5.73,30.64,63.63,0.0,0.0
DE213930,1.82,56.18,42.0,0.0,0.0
DE213940,3.95,26.1,69.94,0.0,0.0
DE213950,1.94,18.74,78.49,0.0,0.83
DE213960,2.63,17.59,79.39,0.0,0.39
DE213970,4.84,32.15,62.88,0.0,0.14
DE214000,0.0,13.85,86.15,0.0,0.0
DE214010,3.27,26.44,70.28,0.0,0.0
DE214020,2.69,17.76,79.54,0.0,0.0
DE214030,4.61,28.02,67.37,0.0,0.0
DE214040,2.52,28.33,69.15,0.0,0.0
DE214050,2.01,27.57,70.42,0.0,0.0
DE214060,1.3,22.13,76.57,0.0,0.0
DE214070,9.95,24.33,65.71,0.0,0.0
DE214080,3.89,40.01,55.9,0.0,0.2
DE214090,10.95,44.2,44.57,0.07,0.22
DE214100,7.13,54.69,38.07,0.03,0.08
DE214110,18.18,30.69,51.13,0.0,0.0
DE214120,0.0,44.41,55.59,0.0,0.0
DE214130,0.35,38.01,61.64,0.0,0.0
DE214140,2.98,82.44,14.58,0.0,0.0
DE214150,4.97,76.22,17.35,0.46,1.01
DE214160,3.35,59.46,37.18,0.0,0.0
DE214170,1.57,57.71,40.72,0.0,0.0
DE214190,1.24,43.78,54.98,0.0,0.0
DE214200,2.56,46.13,51.31,0.0,0.0
DE214210,5.44,53.12,41.44,0.0,0.0
DE214220,10.44,46.47,42.69,0.0,0.4
DE214230,8.45,51.28,39.97,0.0,0.29
DE214240,7.52,52.15,38.84,0.0,1.49
DE214250,9.49,47.41,42.32,0.0,0.79
DE214260,2.96,48.28,48.76,0.0,0.0
DE214270,2.34,52.01,45.65,0.0,0.0
DE214280,4.38,57.66,37.95,0.0,0.0
DE214290,7.5,57.51,34.99,0.0,0.0
DE214310,9.94,70.51,19.55,0.0,0.0
DE214320,8.58,69.02,22.41,0.0,0.0
DE214330,6.32,57.69,31.24,0.0,4.75
DE214340,2.53,78.88,18.59,0.0,0.0
DE214350,8.29,47.3,43.3,0.0,1.11
DE214360,5.29,51.0,43.72,0.0,0.0
DE214370,10.57,54.58,34.85,0.0,0.0
DE214380,12.71,42.56,44.73,0.0,0.0
DE214400,4.63,73.58,21.79,0.0,0.0
DE214410,3.8,66.07,30.13,0.0,0.0
DE214420,3.32,60.58,36.09,0.0,0.0
DE214430,5.34,49.51,45.15,0.0,0.0
DE214440,3.75,41.86,54.39,0.0,0.0
DE214450,3.27,41.78,54.95,0.0,0.0
DE214460,4.21,45.08,50.61,0.0,0.1
DE214470,8.49,38.65,52.76,0.0,0.11
DE214480,2.34,49.53,48.13,0.0,0.0
DE214490,5.27,43.44,51.29,0.0,0.0
DE214500,9.05,28.23,62.71,0.0,0.0
DE214510,1.83,59.36,38.81,0.0,0.0
DE214520,3.49,63.97,32.54,0.0,0.0
DE214530,6.13,65.3,28.58,0.0,0.0
DE214540,8.45,29.97,61.58,0.0,0.0
DE214550,0.6,60.36,39.04,0.0,0.0
DE214560,8.63,60.25,30.62,0.0,0.49
DE214570,6.56,71.49,21.95,0.0,0.0
DE214580,11.62,63.9,24.49,0.0,0.0
DE214590,2.32,59.6,38.08,0.0,0.0
DE214600,2.01,59.79,38.19,0.0,0.0
DE214610,2.21,55.3,42.49,0.0,0.0
DE214630,3.71,40.41,55.88,0.0,0.0
DE214640,1.2,59.16,39.64,0.0,0.0
DE214650,2.48,49.21,48.31,0.0,0.0
DE214660,5.82,74.74,19.44,0.0,0.0
DE214670,5.5,76.27,18.23,0.0,0.0
DE214680,4.09,64.53,31.38,0.0,0.0
DE214690,4.61,62.39,32.97,0.0,0.03
DE214700,4.49,61.7,33.73,0.0,0.07
DE214710,2.67,55.43,41.9,0.0,0.0
DE214720,3.6,59.6,36.8,0.0,0.0
DE214730,0.58,35.14,64.28,0.0,0.0
DE214740,1.52,40.71,57.77,0.0,0.0
DE214750,3.77,70.02,26.21,0.0,0.0
DE214760,2.16,40.8,57.05,0.0,0.0
DE214770,7.69,66.11,26.2,0.0,0.0
DE214780,2.81,74.18,23.0,0.0,0.0
DE214790,6.52,64.13,29.35,0.0,0.0
DE214800,4.02,85.04,10.94,0.0,0.0
DE214810,15.41,70.45,14.14,0.0,0.0
DE214830,7.16,77.5,15.34,0.0,0.0
DE214840,5.54,67.56,26.9,0.0,0.0
DE214850,3.06,76.27,20.66,0.0,0.0
DE214860,4.07,60.89,34.96,0.09,0.0
DE214880,4.55,57.22,38.15,0.06,0.02
DE214890,4.34,53.55,42.05,0.04,0.02
DE214900,3.21,69.86,26.93,0.0,0.0
DE214910,3.39,53.52,42.32,0.77,0.0
DE214920,3.08,55.58,41.13,0.21,0.0
DE214930,0.61,25.94,73.45,0.0,0.0
DE214940,1.92,49.6,48.48,0.0,0.0
DE214950,5.41,42.6,51.99,0.0,0.0
DE214960,3.77,36.79,59.44,0.0,0.0
DE214970,3.1,66.66,30.03,0.0,0.21
DE214980,3.29,46.84,49.87,0.0,0.0
DE214990,6.82,61.22,31.96,0.0,0.0
DE215010,6.35,25.83,67.82,0.0,0.0
DE215020,3.5,27.99,68.51,0.0,0.0
DE215030,3.21,24.03,72.77,0.0,0.0
DE215040,3.44,25.61,70.95,0.0,0.0
DE215050,3.51,19.92,76.58,0.0,0.0
DE215060,2.89,14.58,82.53,0.0,0.0
DE215080,6.78,62.25,30.97,0.0,0.0
DE215090,2.89,74.67,22.44,0.0,0.0
DE215100,3.76,88.99,7.25,0.0,0.0
DE215110,3.76,51.1,45.14,0.0,0.0
DE215120,5.72,31.14,63.15,0.0,0.0
DE215140,2.91,14.86,82.23,0.0,0.0
DE215150,3.45,24.37,72.18,0.0,0.0
DE215160,9.26,36.15,54.59,0.0,0.0
DE215170,5.39,37.67,56.94,0.0,0.0
DE215180,8.86,44.18,46.96,0.0,0.0
DE215190,1.93,46.87,50.75,0.0,0.45
DE215220,7.13,47.34,45.52,0.0,0.0
DE215240,8.88,50.59,40.53,0.0,0.0
DE215270,4.49,66.9,28.6,0.0,0.0
DE215280,5.65,60.62,33.26,0.0,0.47
DE215340,6.18,62.57,31.25,0.0,0.0
DE410020,2.83,71.93,17.03,1.52,6.69
DE410030,2.68,88.15,8.67,0.28,0.21
DE410130,15.66,29.99,49.04,0.0,5.31
DE410140,5.57,34.65,58.01,0.29,1.48
DE410150,9.0,22.81,63.46,0.85,3.88
DE410160,8.01,41.93,49.84,0.11,0.1
DE410170,7.19,41.68,50.91,0.11,0.11
DE410180,8.9,65.34,24.62,0.03,1.11
DE410210,6.04,45.09,48.49,0.0,0.38
DE410230,2.71,57.41,39.7,0.0,0.18
DE410260,3.73,38.03,53.61,0.32,4.31
DE410610,3.91,67.56,27.9,0.64,0.0
DE410730,7.74,76.51,15.45,0.0,0.3
DE410790,15.62,69.72,14.25,0.16,0.25
DE410800,8.83,71.92,19.25,0.0,0.0
DE410810,2.8,42.93,54.04,0.09,0.14
DE410820,4.14,50.83,45.04,0.0,0.0
DE410830,2.37,55.08,42.43,0.0,0.12
DE410860,2.53,38.04,58.9,0.12,0.41
DE410910,3.59,23.47,62.03,0.0,10.91
DE410970,17.43,46.41,33.37,0.91,1.88
DE411020,8.25,9.31,75.7,0.0,6.74
DE411040,9.72,15.54,67.19,0.0,7.56
DE411060,13.98,5.37,65.08,0.0,15.58
DE411100,22.97,10.99,54.4,0.0,11.63
DE411150,2.53,20.86,72.93,0.0,3.69
DE411170,2.05,5.65,82.97,0.0,9.33
DE411180,13.79,75.85,10.36,0.0,0.0
DE411200,7.58,59.63,32.79,0.0,0.0
DE411220,6.13,46.78,46.42,0.11,0.56
DE411230,2.37,35.1,62.53,0.0,0.0
DE411240,5.82,47.38,46.11,0.12,0.58
DE411270,2.65,32.39,64.65,0.0,0.31
DE411280,1.58,54.56,43.69,0.0,0.16
DE411290,2.67,54.03,43.22,0.0,0.08
DE411300,2.68,54.05,43.19,0.0,0.08
DE411310,0.82,40.34,58.83,0.0,0.0
DE411320,3.19,53.97,42.6,0.07,0.17
DE411340,4.78,40.76,53.39,0.18,0.88
DE411350,4.78,40.76,53.39,0.18,0.88
DE411390,1.76,40.93,57.31,0.0,0.0
DE411400,1.75,40.59,57.66,0.0,0.0
DE411410,0.85,23.91,75.24,0.0,0.0
DE411440,5.74,46.39,47.15,0.12,0.61
DE411720,3.64,59.95,36.16,0.08,0.17
DE411730,2.73,55.36,40.89,0.13,0.89
DE411750,1.31,93.9,4.79,0.0,0.0
DE411760,3.25,68.95,27.56,0.24,0.0
DE411770,2.83,56.52,40.47,0.18,0.0
DE411790,3.16,58.7,37.17,0.11,0.86
DE411810,5.67,84.45,9.88,0.0,0.0
DE411850,2.4,69.86,27.74,0.0,0.0
DE411920,1.74,83.12,15.14,0.0,0.0
DE411940,1.86,76.35,21.6,0.0,0.2
DE411970,2.97,82.14,14.77,0.0,0.12
DE412000,3.15,84.12,12.57,0.0,0.16
DE412010,2.65,81.63,15.56,0.0,0.15
DE412020,2.39,85.65,11.96,0.0,0.0
DE412050,2.16,91.06,6.18,0.0,0.6
DE412060,3.45,85.31,11.23,0.0,0.0
DE412070,5.51,86.64,7.54,0.0,0.31
DE412080,1.82,78.51,19.66,0.0,0.0
DE412090,2.41,76.26,21.33,0.0,0.0
DE412200,6.82,27.85,65.33,0.0,0.0
DE412210,14.96,17.7,67.34,0.0,0.0
DE412220,11.63,32.57,53.67,0.0,2.13
DE412230,4.92,18.53,76.16,0.0,0.39
DE412240,1.72,37.98,59.45,0.0,0.85
DE412260,5.81,48.87,44.31,0.0,1.0
DE412270,4.3,75.58,19.02,0.06,1.04
DE412310,6.27,51.13,42.43,0.04,0.13
DE412320,5.7,51.53,42.72,0.05,0.0
DE710000,2.63,42.29,55.08,0.0,0.0
DE710010,6.54,51.47,41.99,0.0,0.0
DE710020,2.23,64.45,33.32,0.0,0.0
DE710030,9.41,31.92,58.44,0.0,0.24
DE710040,3.66,23.88,72.45,0.0,0.0
DE710050,6.4,52.51,41.06,0.0,0.03
DE710060,4.15,41.23,54.62,0.0,0.0
DE710070,4.22,48.04,47.73,0.0,0.0
DE710080,2.06,64.61,33.33,0.0,0.0
DE710090,9.57,58.76,31.45,0.03,0.19
DE710100,2.84,47.82,49.34,0.0,0.0
DE710110,11.7,50.72,37.58,0.0,0.0
DE710120,6.88,27.49,65.63,0.0,0.0
DE710130,2.73,46.76,50.51,0.0,0.0
DE710150,2.31,60.56,37.13,0.0,0.0
DE710160,9.37,45.58,45.05,0.0,0.0
DE710170,12.39,54.12,33.48,0.0,0.0
DE710180,7.18,51.48,41.34,0.0,0.0
DE710190,2.84,46.15,51.01,0.0,0.0
DE710200,10.38,27.71,61.91,0.0,0.0
DE710210,10.22,23.5,66.28,0.0,0.0
DE710220,6.82,62.19,30.99,0.0,0.0
DE710230,17.28,46.46,36.26,0.0,0.0
DE710240,5.51,62.42,32.07,0.0,0.0
DE710250,4.74,78.25,17.01,0.0,0.0
DE710260,10.67,24.76,64.57,0.0,0.0
DE710270,5.97,36.3,57.73,0.0,0.0
DE710280,9.86,43.03,47.1,0.0,0.0
DE710290,10.66,52.29,37.05,0.0,0.0
DE710300,0.11,36.58,63.31,0.0,0.0
DE710310,14.62,42.12,43.25,0.0,0.0
DE710320,5.02,39.7,54.59,0.03,0.67
DE710330,5.98,46.75,47.17,0.0,0.11
DE710340,2.44,41.08,56.47,0.0,0.0
DE710350,2.91,46.72,50.37,0.0,0.0
DE710360,2.32,60.96,36.4,0.0,0.32
DE710370,3.46,61.55,34.85,0.14,0.0
DE710380,5.64,20.67,73.69,0.0,0.0
DE710390,5.66,17.09,76.78,0.0,0.47
DE710400,8.81,35.1,56.02,0.0,0.07
DE710410,8.39,46.36,45.07,0.0,0.19
DE710420,10.8,53.37,35.61,0.1,0.12
DE710430,6.59,53.57,39.84,0.0,0.0
DE710440,5.63,58.9,35.34,0.0,0.13
DE710450,11.81,25.64,62.55,0.0,0.0
DE710460,4.95,41.31,53.1,0.0,0.63
DE710470,5.33,60.19,34.48,0.0,0.0
DE710490,5.88,51.92,42.2,0.0,0.0
DE710500,2.87,43.41,53.72,0.0,0.0
DE710510,3.37,59.68,36.95,0.0,0.0
DE710520,8.64,64.39,26.97,0.0,0.0
DE710530,9.58,58.15,31.95,0.05,0.28
DE710540,2.64,23.05,74.31,0.0,0.0
DE710550,10.29,52.04,37.67,0.0,0.0
DE710560,2.99,18.46,78.55,0.0,0.0
DE710570,4.08,42.09,53.83,0.0,0.0
DE710580,12.17,39.01,48.82,0.0,0.0
DE710590,6.63,56.17,37.2,0.0,0.0
DE710600,16.98,53.41,29.38,0.0,0.22
DE710610,4.1,62.33,33.2,0.0,0.37
DE710620,5.83,47.99,46.09,0.03,0.06
DE710630,8.7,17.02,74.27,0.0,0.0
DE710640,4.04,66.33,29.63,0.0,0.0
DE710650,9.25,33.71,57.04,0.0,0.0
DE710660,6.31,32.04,61.48,0.0,0.17
DE710670,10.74,53.32,35.94,0.0,0.0
DE710680,9.65,52.29,38.06,0.0,0.0
DE710690,31.72,15.71,51.76,0.0,0.81
DE710700,3.47,54.44,42.09,0.0,0.0
DE710710,9.14,47.08,43.78,0.0,0.0
DE710720,6.88,61.03,31.43,0.09,0.57
DE710730,1.98,40.46,57.55,0.0,0.0
DE710740,4.03,50.44,45.53,0.0,0.0
DE710750,16.84,38.6,44.57,0.0,0.0
DE710760,30.92,15.34,53.74,0.0,0.0
DE710770,6.92,53.89,39.19,0.0,0.0
DE710780,3.51,62.45,34.04,0.0,0.0
DE710790,1.09,18.65,80.27,0.0,0.0
DE710800,3.47,64.68,31.79,0.06,0.0
DE710810,6.12,46.06,46.54,0.0,1.28
DE710820,8.09,21.29,70.62,0.0,0.0
DE710830,4.93,55.87,39.2,0.0,0.0
DE710840,3.48,43.87,52.65,0.0,0.0
DE710850,3.39,30.97,65.64,0.0,0.0
DE710860,4.26,52.54,43.2,0.0,0.0
DE710870,6.79,50.92,42.29,0.0,0.0
DE710890,2.26,59.95,37.79,0.0,0.0
DE710900,7.59,56.48,35.94,0.0,0.0
DE710910,1.91,58.17,39.92,0.0,0.0
DE710920,5.47,56.21,37.96,0.0,0.36
DE710930,4.97,56.52,38.18,0.0,0.33
DE710940,5.19,62.69,32.12,0.0,0.0
DE710950,7.95,54.36,37.69,0.0,0.0
DE810010,3.35,87.1,8.88,0.0,0.67
DE810020,3.2,87.54,8.45,0.0,0.82
DE810030,2.34,87.29,8.97,0.0,1.4
DE810050,1.47,90.29,5.94,0.59,1.72
DE810060,3.4,87.95,8.05,0.0,0.6
DE810080,6.11,90.73,3.16,0.0,0.0
DE810090,6.84,90.04,3.12,0.0,0.0
DE810100,5.54,82.31,11.3,0.0,0.85
DE810110,1.84,89.47,7.17,0.0,1.52
DE810120,3.8,83.37,12.83,0.0,0.0
DE810130,4.62,74.21,21.17,0.0,0.0
DE810150,5.47,81.39,11.35,0.0,1.79
DE810160,2.6,86.29,10.5,0.0,0.62
DE810170,2.18,86.99,10.83,0.0,0.0
DE810180,2.16,87.13,10.71,0.0,0.0
DE810190,2.3,84.26,13.45,0.0,0.0
DE810210,2.3,84.27,13.43,0.0,0.0
DE810220,0.56,88.99,10.45,0.0,0.0
DE810230,10.59,79.62,9.73,0.06,0.0
DE810260,3.39,70.25,22.47,0.47,3.41
DE810280,2.65,64.71,27.96,0.45,4.24
DE810290,2.85,65.89,27.92,0.29,3.05
DE810300,2.83,65.96,27.88,0.29,3.04
DE810310,2.95,67.32,26.35,0.3,3.08
DE810320,3.6,70.53,22.92,0.18,2.79
DE810330,2.59,75.57,20.25,0.24,1.35
DE810340,1.95,84.68,13.37,0.0,0.0
DE810380,3.32,87.0,9.67,0.0,0.0
DE810390,3.32,87.0,9.67,0.0,0.0
DE810410,2.16,89.28,7.88,0.27,0.41
DE810420,2.19,89.31,7.74,0.36,0.4
DE810440,4.23,68.47,22.62,0.37,4.31
DE810450,4.93,62.73,26.87,0.53,4.93
DE810470,2.53,40.73,44.69,0.61,11.43
DE810490,2.17,32.94,59.39,0.0,5.5
DE810550,9.89,76.14,13.97,0.0,0.0
DE810570,1.83,76.22,19.02,0.17,2.76
DE810580,2.21,61.95,28.33,0.79,6.71
DE810590,2.31,57.59,31.35,1.26,7.49
DE810600,1.46,56.28,33.17,1.52,7.57
DE810610,3.26,66.03,26.26,0.31,4.14
DE810650,2.72,64.3,32.98,0.0,0.0
DE810660,2.4,64.4,33.19,0.0,0.0
DE810670,2.4,64.4,33.2,0.0,0.0
DE810680,0.82,63.26,35.92,0.0,0.0
DE810690,0.82,63.27,35.91,0.0,0.0
DE810700,0.82,63.27,35.91,0.0,0.0
DE810740,0.75,67.94,31.3,0.0,0.0
DE810770,1.14,83.6,15.26,0.0,0.0
DE810790,2.44,83.79,13.77,0.0,0.0
DE810800,1.08,77.86,21.06,0.0,0.0
DE810820,2.01,68.03,27.69,0.55,1.72
DE810830,2.01,68.03,27.69,0.55,1.72
DE810840,0.0,67.28,32.72,0.0,0.0
DE810870,37.24,62.66,0.11,0.0,0.0
DE810910,4.8,73.99,19.9,0.0,1.31
DE810920,4.8,73.99,19.9,0.0,1.31
DE810930,5.72,59.39,34.89,0.0,0.0
DE810940,13.88,60.44,18.36,0.0,7.31
DE810950,12.02,63.93,15.54,0.0,8.51
DE811040,1.14,45.93,52.94,0.0,0.0
DE811050,1.14,45.93,52.94,0.0,0.0
DE811100,3.04,77.1,16.38,1.17,2.32
DE811110,2.75,83.96,12.07,0.19,1.02
DE811170,1.64,81.21,15.28,0.0,1.88
DE811180,1.64,81.17,15.31,0.0,1.88
DE811190,1.64,81.17,15.31,0.0,1.88
DE811200,2.37,77.2,15.63,0.0,4.8
DE811210,2.37,77.2,15.63,0.0,4.8
DE811250,0.9,84.71,14.38,0.0,0.0
DE811260,1.71,90.36,7.93,0.0,0.0
DE811270,1.69,90.38,7.94,0.0,0.0
DE811350,4.28,77.56,18.15,0.0,0.0
DE811360,4.28,77.56,18.15,0.0,0.0
DE811370,6.43,87.02,6.55,0.0,0.0
DE811390,1.56,78.67,18.67,0.0,1.1
DE811420,0.0,83.93,16.07,0.0,0.0
DE811430,4.45,74.45,17.97,0.59,2.54
DE811440,4.45,74.45,17.97,0.59,2.54
DE811450,4.45,74.45,17.97,0.59,2.54
DE811470,3.72,64.42,25.73,0.19,5.95
DE811480,3.72,64.42,25.73,0.19,5.95
DE811510,3.88,64.31,25.69,0.19,5.93
DE811520,3.88,64.31,25.69,0.19,5.93
DE811530,3.58,64.51,25.76,0.19,5.96
DE811550,3.88,80.72,14.33,0.21,0.86
DE811560,3.89,80.7,14.34,0.21,0.86
DE811580,16.86,60.13,22.28,0.74,0.0
DE811590,16.95,60.06,22.25,0.74,0.0
DE811600,1.33,84.69,11.72,1.04,1.22
DE811610,1.33,84.69,11.72,1.04,1.22
DE811620,1.16,76.67,21.01,0.0,1.16
DE811630,1.16,76.67,21.01,0.0,1.16
DE811750,1.41,90.73,7.48,0.0,0.37
DE811760,1.69,90.57,7.15,0.0,0.59
DE811770,1.69,90.57,7.15,0.0,0.59
DE811800,3.18,84.13,12.69,0.0,0.0
DE811840,3.34,79.88,13.01,0.86,2.9
DE811850,3.33,79.89,13.01,0.86,2.9
DE811950,6.69,42.8,31.55,0.0,18.96
DE811960,6.69,42.8,31.55,0.0,18.96
DE812010,1.27,62.46,36.28,0.0,0.0
DE812030,1.25,69.25,27.22,0.0,2.28
DE812040,1.25,69.25,27.22,0.0,2.28
DE812050,1.25,69.25,27.22,0.0,2.28
DE812060,0.85,68.94,27.82,0.0,2.38
DE812070,4.48,91.97,3.55,0.0,0.0
DE812080,1.15,74.57,21.78,0.0,2.5
DE812100,3.34,45.67,32.1,0.93,17.97
DE812110,3.34,45.67,32.1,0.93,17.97
DE812170,2.43,80.53,17.04,0.0,0.0
DE812180,4.95,78.89,14.67,0.26,1.23
DE812190,4.95,78.61,14.98,0.26,1.21
DE812200,3.7,62.06,33.89,0.1,0.26
DE812210,4.01,62.52,33.47,0.0,0.0
DE812250,5.12,80.75,14.13,0.0,0.0
DE812280,3.96,71.3,24.2,0.0,0.53
DE812290,1.76,58.08,40.16,0.0,0.0
DE910020,3.6,87.75,8.65,0.0,0.0
DE910070,0.26,79.68,20.06,0.0,0.0
DE910080,0.26,79.68,20.06,0.0,0.0
DE910090,0.92,75.28,23.8,0.0,0.0
DE910110,3.78,65.05,30.79,0.0,0.39
DE910120,4.94,73.28,21.67,0.0,0.11
DE910130,16.75,69.4,13.85,0.0,0.0
DE910140,10.97,60.25,28.78,0.0,0.0
DE910150,17.28,62.18,20.47,0.0,0.07
DE910160,22.3,42.6,35.1,0.0,0.0
DE910170,15.93,61.34,22.73,0.0,0.0
DE910180,16.2,61.85,21.88,0.0,0.07
DE910190,4.42,79.46,12.43,3.69,0.0
DE910200,13.86,65.63,19.99,0.25,0.27
DE910210,12.59,68.96,18.0,0.22,0.23
DE910230,2.53,78.53,14.4,4.54,0.0
DE910240,9.13,82.25,7.37,1.25,0.0
DE910250,9.94,80.8,8.68,0.52,0.05
DE910260,3.0,88.44,8.57,0.0,0.0
DE910270,11.37,73.52,14.64,0.3,0.16
DE910290,10.94,74.66,13.97,0.28,0.15
DE910300,10.92,74.7,13.96,0.27,0.15
DE910310,4.19,79.65,16.16,0.0,0.0
DE910320,9.98,75.27,14.28,0.34,0.13
DE910330,1.01,91.17,6.2,1.62,0.0
DE910340,1.87,90.75,6.27,1.11,0.0
DE910350,1.33,76.63,20.84,1.2,0.0
DE910360,9.08,75.9,14.47,0.42,0.12
DE910370,2.56,86.56,10.88,0.0,0.0
DE910380,1.73,86.71,11.55,0.0,0.0
DE910400,8.44,76.52,14.56,0.37,0.11
DE910430,7.38,71.7,19.96,0.97,0.0
DE910460,6.02,78.82,13.93,0.31,0.91
DE910500,6.62,61.69,31.69,0.0,0.0
DE910530,22.9,69.01,7.69,0.4,0.0
DE910560,10.22,72.44,13.01,3.34,1.0
DE910570,9.08,72.29,18.64,0.0,0.0
DE910580,2.95,87.82,7.94,0.71,0.58
DE910610,8.68,52.83,38.48,0.0,0.0
DE910620,6.15,41.97,51.88,0.0,0.0
DE910630,2.52,40.95,56.53,0.0,0.0
DE910640,5.04,48.5,46.46,0.0,0.0
DE910650,0.36,16.31,83.33,0.0,0.0
DE910660,0.0,4.03,95.97,0.0,0.0
DE910670,10.97,66.22,22.81,0.0,0.0
DE910680,5.02,50.06,44.92,0.0,0.0
DE910690,8.13,63.19,28.49,0.0,0.19
DE910700,8.0,62.07,29.75,0.0,0.18
DE910710,7.47,64.42,28.11,0.0,0.0
DE910720,7.05,72.24,20.71,0.0,0.0
DE910730,0.92,75.28,23.8,0.0,0.0
DE910750,9.53,72.46,18.01,0.0,0.0
DE910770,11.21,85.18,3.6,0.0,0.0
DE910780,15.6,52.57,31.82,0.0,0.0
DE910790,17.68,74.19,8.13,0.0,0.0
DE910800,6.21,80.37,11.19,2.23,0.0
DE910810,5.23,82.41,9.77,2.47,0.12
DE910820,1.13,83.36,15.51,0.0,0.0
DE910830,4.29,82.37,10.86,2.39,0.09
DE910840,6.98,55.44,26.43,2.15,9.0
DE910850,4.58,69.26,26.11,0.05,0.0
DE910860,4.58,69.38,25.99,0.05,0.0
DE910870,4.58,69.38,25.99,0.05,0.0
DE910880,5.3,56.52,38.18,0.0,0.0
DE910890,4.06,63.83,30.55,1.56,0.0
DE910910,19.68,9.32,70.99,0.0,0.0
DE910920,9.22,10.64,77.65,0.1,2.4
DE910960,9.11,28.2,61.04,0.24,1.42
DE910990,8.78,49.8,40.38,0.11,0.93
DE911000,4.27,77.31,18.42,0.0,0.0
DE911010,4.87,53.62,41.51,0.0,0.0
DE911020,7.79,62.22,29.99,0.0,0.0
DE911030,7.56,62.95,29.48,0.0,0.0
DE911040,6.91,49.3,43.79,0.0,0.0
DE911050,11.19,61.5,27.22,0.0,0.09
DE911060,13.46,57.39,28.56,0.05,0.54
DE911070,12.12,56.97,30.08,0.43,0.41
DE911100,0.61,23.32,76.07,0.0,0.0
DE911110,2.79,33.86,62.53,0.0,0.82
DE911120,2.18,36.58,60.96,0.0,0.28
DE911130,15.53,62.65,20.49,0.0,1.34
DE911140,14.25,71.64,13.08,0.0,1.03
DE911160,12.22,74.9,11.91,0.0,0.97
DE911180,14.09,76.09,9.41,0.0,0.4
DE911190,7.43,8.44,83.51,0.62,0.0
DE911200,2.45,36.19,60.19,1.17,0.0
DE911210,5.31,26.06,67.88,0.65,0.11
DE911230,20.1,48.47,30.92,0.0,0.51
DE911240,6.59,65.26,28.15,0.0,0.0
DE911260,1.42,63.71,34.86,0.0,0.0
DE911270,3.26,72.07,24.67,0.0,0.0
DE911280,8.15,65.37,26.48,0.0,0.0
DE911290,9.09,62.99,27.93,0.0,0.0
DE911310,4.56,60.65,34.79,0.0,0.0
DE911320,4.99,64.6,30.41,0.0,0.0
DE911330,8.39,67.94,23.67,0.0,0.0
DE911340,4.99,65.51,28.53,0.0,0.96
DE911350,3.48,13.8,82.28,0.45,0.0
DE911360,6.25,29.21,63.45,0.62,0.47
DE911370,6.7,67.42,25.71,0.0,0.17
DE911380,6.45,50.88,42.11,0.26,0.29
DE911390,11.66,47.18,41.16,0.0,0.0
DE911400,8.97,35.91,54.51,0.0,0.61
DE911410,6.95,48.19,44.3,0.21,0.35
DE911420,6.95,48.44,44.08,0.2,0.33
DE911430,1.06,9.58,89.37,0.0,0.0
DE911440,2.05,38.12,59.53,0.31,0.0
DE911450,2.5,30.1,67.32,0.08,0.0
DE911460,2.31,68.99,28.71,0.0,0.0
DE911470,4.87,72.12,23.02,0.0,0.0
DE911480,7.19,55.69,36.81,0.09,0.21
DE911490,3.79,37.74,58.47,0.0,0.0
DE911520,7.32,57.16,35.53,0.0,0.0
DE911530,7.24,55.32,37.17,0.07,0.2
DE911540,8.62,53.12,38.27,0.0,0.0
DE911560,11.02,27.23,60.02,0.0,1.73
DE911570,2.4,54.11,43.48,0.0,0.0
DE911580,8.24,47.39,44.36,0.0,0.0
DE911600,5.61,75.62,18.77,0.0,0.0
DE911610,6.69,65.47,27.84,0.0,0.0
DE911620,7.18,52.22,40.15,0.0,0.44
DE911630,4.98,20.06,74.96,0.0,0.0
DE911640,9.14,51.08,39.39,0.0,0.4
DE911650,7.01,86.27,6.71,0.0,0.0
DE911660,16.09,57.88,26.03,0.0,0.0
DE911680,6.33,62.04,31.64,0.0,0.0
DE911690,12.35,68.26,19.39,0.0,0.0
DE911700,11.37,65.42,23.21,0.0,0.0
DE911710,7.23,62.71,27.38,2.55,0.13
DE911740,7.26,48.37,42.8,1.35,0.23
DE911750,5.79,39.42,53.8,0.89,0.09
DE911770,6.91,44.49,48.01,0.53,0.05
DE911780,2.79,76.11,21.01,0.09,0.0
DE911840,2.24,83.17,14.58,0.0,0.0
DE911850,7.2,77.31,15.49,0.0,0.0
DE911860,7.76,77.23,15.0,0.0,0.0
DE911870,5.83,86.48,7.69,0.0,0.0
DE911880,6.01,84.8,9.19,0.0,0.0
DE911890,1.87,53.19,44.94,0.0,0.0
DE911900,5.98,74.15,19.87,0.0,0.0
DE911910,4.05,64.18,30.64,1.13,0.0
DE911920,8.91,77.9,12.36,0.83,0.0
DE911930,6.18,80.02,13.35,0.45,0.0
DE911940,5.75,71.32,21.96,0.96,0.0
DE911950,4.65,75.78,19.57,0.0,0.0
DE911960,5.04,69.3,25.48,0.19,0.0
DE911970,5.87,70.17,23.43,0.54,0.0
DE911980,5.45,82.18,12.25,0.12,0.0
DE911990,3.97,84.09,11.93,0.0,0.0
DE912000,6.82,81.47,11.71,0.0,0.0
DE912010,6.64,64.77,27.81,0.77,0.0
DE912030,7.84,65.65,26.26,0.0,0.25
DE912090,6.13,76.52,11.71,3.82,1.82
DE912100,2.87,77.55,9.83,9.63,0.13
DE912110,4.93,77.59,10.78,5.57,1.13
DE912120,5.12,66.49,28.4,0.0,0.0
DE912130,5.25,76.59,13.0,4.29,0.87
DE912140,4.25,72.27,22.24,0.31,0.94
DE912150,7.6,91.95,0.46,0.0,0.0
DE912160,4.35,78.09,17.55,0.0,0.0
DE912170,11.97,69.07,18.97,0.0,0.0
DE912180,3.21,78.11,18.68,0.0,0.0
DE912190,7.69,56.5,35.81,0.0,0.0
DE912210,2.85,74.04,22.38,0.72,0.0
DE912220,0.92,79.74,19.34,0.0,0.0
DE912230,3.64,5.54,90.82,0.0,0.0
DE912240,2.35,0.0,97.65,0.0,0.0
DE912250,0.0,77.69,22.31,0.0,0.0
DE912270,1.18,40.44,58.38,0.0,0.0
DE912280,2.92,61.47,35.35,0.27,0.0
DE912290,1.86,48.11,50.03,0.0,0.0
DE912300,2.33,53.9,43.77,0.0,0.0
DE912310,4.3,32.8,62.89,0.0,0.0
DE912320,1.5,67.0,31.5,0.0,0.0
DE912330,2.1,63.31,34.59,0.0,0.0
DE912350,4.0,60.55,35.4,0.05,0.0
DE912360,11.99,54.86,33.15,0.0,0.0
DE912370,3.07,57.46,39.46,0.0,0.0
DE912380,2.1,58.12,39.78,0.0,0.0
DE912390,4.78,30.75,64.47,0.0,0.0
DE912400,5.01,44.61,50.39,0.0,0.0
DE912420,12.4,39.86,47.66,0.0,0.09
DE912440,9.73,49.73,40.54,0.0,0.0
DE912450,5.9,88.78,5.32,0.0,0.0
DE912470,7.38,80.12,12.5,0.0,0.0
DE912490,3.49,87.55,8.89,0.0,0.07
DE912500,4.84,58.31,36.18,0.66,0.0
DE912520,2.3,75.63,20.25,1.82,0.0
DE912530,5.65,77.56,14.42,1.47,0.9
DE912540,4.58,87.63,7.43,0.36,0.0
DE912550,1.35,84.72,13.93,0.0,0.0
DE912560,5.57,78.84,14.04,1.11,0.44
DE912570,5.53,78.17,14.03,1.72,0.55
DE912600,1.11,83.1,15.79,0.0,0.0
DE912650,8.54,83.63,7.63,0.0,0.2
DE912660,8.27,83.84,7.7,0.0,0.19
DE912670,5.53,79.84,14.63,0.0,0.0
DE912810,6.77,83.6,5.36,3.91,0.37
DEA10000,2.18,19.38,78.45,0.0,0.0
DEA10040,11.06,16.84,71.4,0.0,0.71
DEA10060,18.67,12.35,68.18,0.0,0.8
DEA10070,21.89,14.83,62.95,0.0,0.33
DEA10080,15.05,24.32,60.63,0.0,0.0
DEA10090,20.03,15.35,64.29,0.0,0.33
DEA10100,3.25,28.67,68.09,0.0,0.0
DEA10120,14.09,26.83,58.98,0.0,0.1
DEA10130,9.71,65.96,24.34,0.0,0.0
DEA10140,8.82,60.41,30.77,0.0,0.0
DEA10150,9.1,80.17,10.73,0.0,0.0
DEA10160,13.12,34.46,52.24,0.0,0.19
DEA10170,19.19,55.09,25.72,0.0,0.0
DEA10200,7.25,63.11,29.64,0.0,0.0
DEA10210,10.6,56.76,32.64,0.0,0.0
DEA10220,14.84,42.06,42.59,0.0,0.5
DEA10230,14.43,36.92,48.38,0.0,0.27
DEA10240,21.15,47.84,28.74,0.0,2.27
DEA10250,27.16,43.43,27.37,0.0,2.04
DEA10260,31.23,36.28,30.93,0.0,1.56
DEA10270,31.04,38.17,29.49,0.0,1.31
DEA10280,18.32,40.58,38.52,0.0,2.59
DEA10300,75.83,19.63,4.54,0.0,0.0
DEA10310,27.48,59.12,13.4,0.0,0.0
DEA10320,25.22,56.26,18.52,0.0,0.0
DEA10330,5.42,59.63,34.95,0.0,0.0
DEA10340,7.89,46.74,45.37,0.0,0.0
DEA10350,11.8,60.45,27.75,0.0,0.0
DEA10360,13.39,63.18,23.43,0.0,0.0
DEA10370,11.65,59.12,29.23,0.0,0.0
DEA10380,12.22,60.0,27.78,0.0,0.0
DEA10390,9.13,75.93,14.48,0.0,0.46
DEA10400,7.49,83.34,7.75,0.0,1.41
DEA10460,35.62,46.48,16.98,0.0,0.91
DEA10470,5.94,25.54,68.52,0.0,0.0
DEA10480,5.52,32.81,61.15,0.0,0.52
DEA10490,3.85,53.63,42.52,0.0,0.0
DEA10500,5.66,37.37,56.67,0.0,0.29
DEA10510,0.02,3.18,96.8,0.0,0.0
DEA10520,8.55,26.41,63.29,0.0,1.76
DEA10530,9.44,38.13,52.43,0.0,0.0
DEA10540,9.46,38.12,52.42,0.0,0.0
DEA10550,7.9,32.68,58.37,0.0,1.06
DEA10560,18.26,42.6,39.14,0.0,0.0
DEA10600,14.66,33.65,51.58,0.0,0.11
DEA10610,29.95,36.08,33.97,0.0,0.0
DEA10620,10.37,35.54,53.28,0.0,0.82
DEA10630,2.83,24.42,72.75,0.0,0.0
DEA10640,4.98,21.07,73.95,0.0,0.0
DEA10650,1.67,17.09,81.24,0.0,0.0
DEA10660,5.13,36.07,58.8,0.0,0.0
DEA10680,8.63,28.84,61.48,0.0,1.06
DEA10700,9.67,26.34,63.03,0.0,0.95
DEA10710,27.13,38.3,34.57,0.0,0.0
DEA10720,16.29,31.82,51.89,0.0,0.0
DEA10730,13.92,33.6,52.49,0.0,0.0
DEA10750,19.66,48.99,30.73,0.0,0.62
DEA10760,19.22,36.62,43.92,0.0,0.23
DEA10780,27.4,60.76,11.83,0.0,0.0
DEA10790,18.98,62.31,18.71,0.0,0.0
DEA10800,8.85,54.46,36.69,0.0,0.0
DEA10850,12.07,30.48,57.45,0.0,0.0
DEA10860,10.48,45.34,43.9,0.0,0.27
DEA10890,7.2,77.11,15.69,0.0,0.0
DEA10900,3.87,50.87,45.25,0.0,0.0
DEA10910,3.78,53.62,42.6,0.0,0.0
DEA10920,3.86,60.8,34.56,0.0,0.78
DEA10930,4.49,57.22,37.89,0.0,0.4
DEA10940,4.86,54.72,40.08,0.0,0.33
DEA10950,1.98,42.88,55.14,0.0,0.0
DEA10960,6.09,32.22,61.69,0.0,0.0
DEA10970,3.91,57.82,38.16,0.11,0.0
DEA10980,5.44,56.24,38.09,0.05,0.17
DEA10990,10.27,10.67,79.06,0.0,0.0
DEA11010,9.37,51.78,38.31,0.04,0.5
DEA11040,9.75,59.04,30.67,0.03,0.51
DEA11050,3.53,89.58,6.9,0.0,0.0
DEA11060,7.04,74.88,17.83,0.0,0.25
DEA11090,9.66,64.66,25.16,0.02,0.49
DEA11100,10.84,89.16,0.0,0.0,0.0
DEA11110,11.8,85.88,2.31,0.0,0.0
DEA11120,10.8,85.95,3.25,0.0,0.0
DEA11130,14.29,66.61,18.77,0.01,0.31
DEA11140,6.83,86.4,6.77,0.0,0.0
DEA11160,3.87,79.33,16.8,0.0,0.0
DEA11180,13.08,67.9,18.55,0.01,0.46
DEA11200,13.81,66.28,19.48,0.01,0.41
DEA11240,8.89,42.47,48.64,0.0,0.0
DEA11260,0.95,49.13,49.92,0.0,0.0
DEA11360,3.87,19.4,74.1,0.0,2.63
DEA11390,18.79,78.31,1.87,0.0,1.03
DEA11410,64.07,34.96,0.97,0.0,0.0
DEA11430,31.69,60.81,7.5,0.0,0.0
DEA11440,20.59,78.1,1.31,0.0,0.0
DEA11470,28.45,70.58,0.98,0.0,0.0
DEA11490,22.09,61.69,16.22,0.0,0.0
DEA11540,22.05,71.06,6.89,0.0,0.0
DEA11620,10.34,43.8,45.86,0.0,0.0
DEA11630,10.9,41.49,47.14,0.0,0.46
DEA11650,20.68,37.26,42.06,0.0,0.0
DEA11670,21.03,29.62,49.35,0.0,0.0
DEA11680,28.86,60.71,10.43,0.0,0.0
DEA11690,3.01,91.02,5.97,0.0,0.0
DEA11700,14.81,70.09,14.94,0.0,0.16
DEA11710,13.63,71.65,14.59,0.0,0.13
DEA11720,11.07,82.29,6.64,0.0,0.0
DEA11730,6.66,87.16,6.18,0.0,0.0
DEA11740,7.3,77.41,15.28,0.0,0.0
DEA11750,13.16,73.2,13.64,0.0,0.0
DEA11770,3.37,16.85,79.78,0.0,0.0
DEA11790,5.89,17.57,76.54,0.0,0.0
DEA11800,3.99,22.54,73.46,0.0,0.0
DEA11810,6.41,19.9,73.7,0.0,0.0
DEA11820,7.65,18.55,73.8,0.0,0.0
DEA11830,5.48,46.58,47.53,0.0,0.41
DEA11840,5.57,57.79,36.45,0.0,0.19
DEA11850,10.34,40.7,48.96,0.0,0.0
DEA11860,6.36,57.78,35.86,0.0,0.0
DEA11870,5.47,59.72,34.81,0.0,0.0
DEA11880,9.44,67.2,23.36,0.0,0.0
DEA11890,8.13,69.12,22.75,0.0,0.0
DEA11900,4.94,66.78,28.28,0.0,0.0
DEA11910,7.42,64.94,27.39,0.0,0.25
DEA11920,29.17,39.4,31.44,0.0,0.0
DEA11930,28.18,43.62,27.62,0.0,0.58
DEA11940,9.49,62.4,28.11,0.0,0.0
DEA11950,3.95,79.78,16.27,0.0,0.0
DEA11960,8.1,67.9,24.0,0.0,0.0
DEA11970,11.86,69.86,18.28,0.0,0.0
DEA11980,17.92,62.44,19.43,0.0,0.21
DEA11990,39.02,51.52,9.46,0.0,0.0
DEA12000,24.17,59.74,15.94,0.0,0.15
DEA12010,10.3,77.89,11.81,0.0,0.0
DEA12030,21.67,64.79,13.44,0.0,0.1
DEA12040,17.08,71.07,9.56,2.29,0.0
DEA12080,5.17,78.96,15.88,0.0,0.0
DEA12100,9.59,77.07,13.34,0.0,0.0
DEA12130,7.78,84.6,7.61,0.0,0.0
DEA12140,5.07,89.5,5.43,0.0,0.0
DEA12150,9.75,82.95,7.31,0.0,0.0
DEA12160,4.35,89.44,6.22,0.0,0.0
DEA12170,3.86,88.07,8.07,0.0,0.0
DEA12180,8.26,84.4,7.19,0.0,0.15
DEB10000,10.58,51.16,38.25,0.0,0.0
DEB10010,11.68,46.26,42.05,0.0,0.0
DEB10020,11.08,47.62,41.3,0.0,0.0
DEB10030,30.61,29.67,39.72,0.0,0.0
DEB10040,18.82,30.6,50.58,0.0,0.0
DEB10060,2.03,79.56,18.42,0.0,0.0
DEB10070,0.0,54.5,45.5,0.0,0.0
DEB10080,7.23,52.59,40.19,0.0,0.0
DEB10090,5.25,59.75,34.99,0.0,0.0
DEB10100,1.32,79.3,19.38,0.0,0.0
DEB10110,2.32,51.18,46.5,0.0,0.0
DEB10120,8.42,14.2,77.37,0.0,0.0
DEB10130,8.14,28.48,63.38,0.0,0.0
DEB10140,3.96,64.29,31.75,0.0,0.0
DEB10160,17.3,46.45,36.25,0.0,0.0
DEB10170,17.41,50.65,31.94,0.0,0.0
DEB10190,8.19,40.3,51.15,0.0,0.37
DEB10200,7.8,35.16,56.76,0.0,0.28
DEB10210,6.21,43.25,50.43,0.0,0.1
DEB10220,7.86,46.44,45.65,0.0,0.05
DEB10230,1.44,4.8,93.76,0.0,0.0
DEB10240,3.11,38.1,58.79,0.0,0.0
DEB10260,11.16,21.94,66.5,0.0,0.4
DEB10270,5.92,37.82,56.26,0.0,0.0
DEB10280,5.1,48.29,46.61,0.0,0.0
DEB10290,2.05,45.62,52.33,0.0,0.0
DEB10300,4.24,54.22,41.55,0.0,0.0
DEB10310,5.39,44.81,49.8,0.0,0.0
DEB10320,0.52,8.93,90.54,0.0,0.0
DEB10330,7.87,31.59,60.54,0.0,0.0
DEB10340,4.71,48.79,46.35,0.0,0.15
DEB10350,4.57,33.45,61.98,0.0,0.0
DEB10360,2.55,47.64,49.81,0.0,0.0
DEB10380,7.17,52.29,40.53,0.0,0.0
DEB10390,4.03,44.35,51.62,0.0,0.0
DEB10400,7.16,49.34,43.5,0.0,0.0
DEB10410,11.88,52.93,34.28,0.0,0.9
DEB10420,3.4,39.37,57.23,0.0,0.0
DEB10430,3.32,49.55,47.13,0.0,0.0
DEB10450,0.93,15.68,83.39,0.0,0.0
DEB10460,2.01,37.07,60.92,0.0,0.0
DEB10470,14.83,44.54,38.68,0.0,1.95
DEB10480,7.18,38.98,53.84,0.0,0.0
DEB10490,3.34,54.0,42.66,0.0,0.0
DEB10500,15.8,44.11,40.09,0.0,0.0
DEB10510,7.54,33.45,59.01,0.0,0.0
DEB10520,14.32,68.06,17.62,0.0,0.0
DEB10530,3.9,56.95,39.16,0.0,0.0
DEB10540,2.8,60.11,37.09,0.0,0.0
DEB10550,7.68,44.14,48.18,0.0,0.0
DEB10560,8.38,53.6,37.48,0.0,0.54
DEB10570,8.42,48.83,42.55,0.0,0.2
DEB10580,7.81,47.51,44.52,0.0,0.17
DEB10590,2.57,63.73,33.7,0.0,0.0
DEB10600,3.67,29.97,66.36,0.0,0.0
DEB10610,18.33,14.04,67.44,0.0,0.19
DEB10620,14.31,13.39,72.3,0.0,0.0
DEB10630,0.46,21.94,77.6,0.0,0.0
DEB10640,11.38,46.0,42.62,0.0,0.0
DEB10650,10.66,30.79,58.55,0.0,0.0
DEB10660,7.24,62.74,30.02,0.0,0.0
DEB10680,15.7,84.3,0.0,0.0,0.0
DEB10690,6.18,86.86,6.96,0.0,0.0
DEB10700,10.18,89.16,0.65,0.0,0.0
DEB10710,9.56,89.72,0.72,0.0,0.0
DEB10720,7.81,49.88,42.27,0.0,0.04
DEB10730,5.22,72.95,21.83,0.0,0.0
DEB10740,4.68,48.82,46.5,0.0,0.0
DEB10750,7.16,72.56,20.29,0.0,0.0
DEB10790,2.96,82.53,14.51,0.0,0.0
DEB10800,7.74,59.86,32.4,0.0,0.0
DEB10810,7.44,57.75,34.81,0.0,0.0
DEB10820,9.84,28.27,61.89,0.0,0.0
DEB10830,4.71,11.69,83.6,0.0,0.0
DEB10840,2.87,1.56,95.57,0.0,0.0
DEB10860,7.95,31.91,60.14,0.0,0.0
DEB10870,11.35,56.72,31.93,0.0,0.0
DEB10900,0.7,64.16,35.14,0.0,0.0
DEB10910,1.47,50.87,47.66,0.0,0.0
DEB10930,2.45,57.4,40.15,0.0,0.0
DEB10940,2.52,61.39,36.03,0.0,0.06
DEB10950,1.76,62.3,35.94,0.0,0.0
DEB10960,7.1,83.68,9.22,0.0,0.0
DEB10970,3.79,59.98,36.23,0.0,0.0
DEB10980,5.65,65.61,28.74,0.0,0.0
DEB10990,1.52,67.69,30.8,0.0,0.0
DEB11010,4.46,32.81,62.74,0.0,0.0
DEB11020,4.37,35.3,60.19,0.0,0.14
DEB11030,2.2,37.72,60.08,0.0,0.0
DEB11100,0.0,41.76,58.24,0.0,0.0
DEB11110,1.51,61.51,36.99,0.0,0.0
DEB11120,0.52,26.46,73.02,0.0,0.0
DEB11130,4.38,35.02,60.59,0.0,0.0
DEB11140,3.33,37.8,58.87,0.0,0.0
DEB11150,2.52,43.27,54.21,0.0,0.0
DEB11160,0.91,48.17,50.92,0.0,0.0
DEB11170,4.32,42.64,52.94,0.0,0.1
DEB11180,6.42,44.7,48.81,0.0,0.07
DEB11190,3.15,51.2,45.65,0.0,0.0
DEB11200,4.51,60.27,34.59,0.0,0.62
DEB11210,1.98,55.41,42.61,0.0,0.0
DEB11230,3.97,52.44,43.59,0.0,0.0
DEC10000,4.43,30.29,65.28,0.0,0.0
DEC10080,6.44,19.5,74.06,0.0,0.0
DEC10100,45.88,0.0,54.12,0.0,0.0
DEC10110,15.47,50.77,33.77,0.0,0.0
DEC10120,15.95,56.54,27.52,0.0,0.0
DEC10130,8.6,34.78,56.35,0.0,0.28
DEC10140,17.42,58.7,23.88,0.0,0.0
DEC10150,7.73,35.52,56.75,0.0,0.0
DEC10160,14.25,17.25,68.5,0.0,0.0
DEC10200,11.83,42.81,45.19,0.0,0.17
DEC10210,18.2,45.26,36.54,0.0,0.0
DEC10230,28.35,52.36,19.29,0.0,0.0
DEC10240,17.16,54.55,28.28,0.0,0.0
DEC10280,10.99,39.79,48.92,0.0,0.31
DEC10290,34.42,4.21,61.37,0.0,0.0
DEC10300,2.34,31.51,66.14,0.0,0.0
DEC10310,6.96,57.06,35.98,0.0,0.0
DEC10320,3.01,10.6,86.39,0.0,0.0
DEC10340,6.19,35.3,58.51,0.0,0.0
DEC10350,13.28,25.56,61.16,0.0,0.0
DEC10370,15.49,55.18,29.33,0.0,0.0
DEC10380,2.25,53.03,44.71,0.0,0.0
DEC10390,18.8,57.05,24.15,0.0,0.0
DEC10410,10.97,56.17,32.87,0.0,0.0
DEC10420,11.71,33.48,54.81,0.0,0.0
DEC10430,21.28,1.61,77.11,0.0,0.0
DEC10440,5.48,31.19,61.25,0.0,2.08
DED10050,15.41,48.68,35.91,0.0,0.0
DED10070,8.49,40.51,50.51,0.0,0.49
DED10220,15.83,50.62,33.55,0.0,0.0
DED10240,8.54,52.75,35.01,0.12,3.58
DED10260,13.88,49.78,36.34,0.0,0.0
DED10290,0.0,13.89,86.11,0.0,0.0
DED10300,11.22,76.26,10.84,0.15,1.53
DED10320,7.9,75.35,16.75,0.0,0.0
DED10340,27.93,48.84,23.23,0.0,0.0
DED10400,6.67,30.96,61.72,0.0,0.65
DED10480,11.29,70.5,18.21,0.0,0.0
DED10530,5.45,71.51,23.05,0.0,0.0
DED10620,13.0,54.3,32.45,0.0,0.26
DED10640,9.54,70.44,20.02,0.0,0.0
DED10690,9.71,79.23,11.06,0.0,0.0
DED10700,26.96,52.78,20.26,0.0,0.0
DED10830,18.71,62.45,18.84,0.0,0.0
DED10860,7.48,26.73,65.79,0.0,0.0
DED10890,6.18,81.1,12.72,0.0,0.0
DED10920,16.85,62.23,20.92,0.0,0.0
DED10970,4.73,72.93,21.66,0.0,0.67
DED11050,9.75,61.69,27.33,0.0,1.23
DED11120,10.18,27.72,62.1,0.0,0.0
DED11150,5.48,70.46,24.06,0.0,0.0
DED11190,5.87,82.37,11.77,0.0,0.0
DED11280,16.88,66.25,15.62,0.0,1.26
DED11370,2.57,79.62,15.9,0.0,1.91
DED11420,9.25,83.1,6.59,0.0,1.06
DED11450,5.48,62.71,31.8,0.0,0.0
DED11460,16.37,45.72,37.91,0.0,0.0
DED11480,4.94,77.42,13.66,0.0,3.98
DED11490,2.91,95.94,1.15,0.0,0.0
DED11510,4.58,63.49,30.54,0.0,1.39
DED11540,15.18,67.94,16.61,0.0,0.27
DED11610,7.83,60.56,28.79,0.46,2.36
DED11620,5.56,47.27,47.18,0.0,0.0
DED11640,12.61,66.65,20.74,0.0,0.0
DED11660,18.68,74.92,6.41,0.0,0.0
DED11690,10.87,44.93,44.21,0.0,0.0
DED11720,11.73,68.18,20.08,0.0,0.0
DED11790,4.97,95.03,0.0,0.0,0.0
DED11810,5.6,94.4,0.0,0.0,0.0
DED11820,4.55,81.61,13.84,0.0,0.0
DED11840,2.21,96.97,0.82,0.0,0.0
DED11960,5.23,77.24,17.52,0.0,0.0
DED11980,10.53,57.85,31.36,0.0,0.26
DED11990,11.96,61.42,22.49,0.0,4.12
DED12030,10.48,59.29,30.22,0.0,0.0
DED12100,5.62,69.46,24.93,0.0,0.0
DED12110,12.92,65.92,21.16,0.0,0.0
DED12180,23.53,26.39,50.08,0.0,0.0
DED12320,3.31,79.71,16.98,0.0,0.0
DED12340,8.11,82.38,9.51,0.0,0.0
DED12370,4.48,95.14,0.38,0.0,0.0
DED12430,24.77,61.47,13.76,0.0,0.0
DED12470,5.33,86.76,7.47,0.0,0.44
DED12500,10.0,79.32,10.17,0.0,0.52
DED12510,8.93,48.46,42.22,0.38,0.0
DED12520,5.4,72.29,22.31,0.0,0.0
DED12530,4.96,75.41,19.62,0.0,0.0
DED12570,8.22,57.78,31.3,0.0,2.7
DED12660,19.06,80.08,0.86,0.0,0.0
DED12680,4.65,78.91,16.45,0.0,0.0
DED12710,5.87,81.27,12.66,0.0,0.19
DEE10000,5.37,81.32,13.31,0.0,0.0
DEE10010,5.06,87.15,7.6,0.18,0.0
DEE10020,4.57,76.16,19.13,0.13,0.0
DEE10030,5.77,70.17,23.95,0.11,0.0
DEE10040,2.16,63.42,34.42,0.0,0.0
DEE10050,3.55,49.01,47.44,0.0,0.0
DEE10070,7.79,60.18,31.88,0.0,0.15
DEE10090,3.51,66.55,29.94,0.0,0.0
DEE10100,1.16,33.26,65.58,0.0,0.0
DEE10120,15.8,82.6,1.6,0.0,0.0
DEE10160,7.29,66.85,25.4,0.01,0.44
DEE10170,7.25,67.22,25.09,0.01,0.42
DEE10190,7.77,51.48,40.27,0.0,0.48
DEE10200,6.75,49.49,42.58,0.0,1.18
DEE10210,1.81,1.57,96.62,0.0,0.0
DEE10230,0.0,13.32,86.68,0.0,0.0
DEE10240,0.51,41.04,58.45,0.0,0.0
DEE10250,12.21,53.97,33.82,0.0,0.0
DEE10260,4.0,78.37,17.64,0.0,0.0
DEE10270,3.86,69.59,26.56,0.0,0.0
DEE10280,4.04,86.8,9.17,0.0,0.0
DEE10290,8.65,83.46,7.89,0.0,0.0
DEE10310,12.29,84.15,3.56,0.0,0.0
DEE10340,5.63,88.32,6.05,0.0,0.0
DEE10350,26.48,70.24,2.44,0.0,0.85
DEE10360,12.09,86.69,1.22,0.0,0.0
DEE10370,10.91,76.74,11.46,0.23,0.65
DEE10380,18.89,65.06,16.04,0.0,0.0
DEE10390,4.65,55.11,40.24,0.0,0.0
DEE10400,7.17,79.97,12.87,0.0,0.0
DEE10410,5.62,93.47,0.91,0.0,0.0
DEE10420,2.04,46.88,50.66,0.0,0.42
DEE10430,2.54,41.55,55.68,0.0,0.23
DEE10440,2.83,44.3,52.74,0.0,0.14
DEE10450,6.74,58.92,34.28,0.0,0.06
DEE10460,1.95,45.3,52.76,0.0,0.0
DEE10470,2.82,62.71,34.47,0.0,0.0
DEE10480,9.47,88.49,1.39,0.13,0.51
DEE10520,2.79,7.28,89.38,0.39,0.16
DEE10530,4.71,19.2,74.36,0.2,1.54
DEE10540,4.19,17.5,76.83,0.16,1.32
DEE10550,7.64,35.13,56.37,0.09,0.78
DEE10560,7.08,44.73,47.1,0.05,1.04
DEE10570,7.01,64.8,27.64,0.02,0.53
DEE10580,7.17,68.3,23.98,0.02,0.53
DEE10590,3.76,5.55,89.96,0.73,0.0
DEE10600,2.82,6.37,90.3,0.51,0.0
DEE10610,3.12,0.59,96.01,0.28,0.0
DEE10620,2.25,3.89,93.7,0.16,0.0
DEE10630,4.12,19.24,76.64,0.0,0.0
DEE10640,4.04,54.62,41.34,0.0,0.0
DEE10660,2.75,29.63,67.62,0.0,0.0
DEE10670,3.13,34.52,62.35,0.0,0.0
DEE10680,3.07,23.5,73.43,0.0,0.0
DEE10690,6.49,53.92,38.21,0.0,1.38
DEE10700,1.94,10.71,87.35,0.0,0.0
DEE10710,0.0,2.57,97.43,0.0,0.0
DEE10720,0.0,1.5,98.5,0.0,0.0
DEE10730,10.29,42.49,47.21,0.0,0.0
DEE10740,10.22,58.94,30.62,0.0,0.22
DEE10760,3.49,0.58,95.93,0.0,0.0
DEE10790,3.56,58.59,37.85,0.0,0.0
DEE10810,5.38,86.92,7.67,0.0,0.03
DEE10830,1.66,46.49,51.86,0.0,0.0
DEE10840,4.66,46.98,48.36,0.0,0.0
DEE10850,2.0,24.73,73.27,0.0,0.0
DEE10880,2.8,58.37,38.58,0.0,0.25
DEE10890,2.57,53.55,43.68,0.0,0.21
DEE10900,2.96,85.97,11.07,0.0,0.0
DEE10910,4.0,54.99,40.93,0.0,0.08
DEE10920,1.99,48.57,49.16,0.0,0.28
DEE10930,2.26,58.82,38.92,0.0,0.0
DEE10940,3.02,34.58,62.39,0.0,0.0
DEE10950,5.98,93.11,0.91,0.0,0.0
DEE10960,2.08,49.07,48.85,0.0,0.0
DEE10970,2.62,66.67,30.59,0.0,0.12
DEE10980,2.82,69.38,27.79,0.0,0.0
DEE11020,5.17,91.88,2.95,0.0,0.0
DEE11030,2.99,46.44,50.56,0.0,0.0
DEE11050,1.95,55.35,42.7,0.0,0.0
DEE11060,3.17,66.34,30.49,0.0,0.0
DEE11070,4.32,74.3,21.37,0.0,0.02
DEE11090,5.63,27.38,66.99,0.0,0.0
DEE11100,5.02,46.48,48.49,0.0,0.0
DEE11110,3.71,23.18,73.11,0.0,0.0
DEE11120,2.48,76.65,20.87,0.0,0.0
DEE11130,1.82,72.3,25.88,0.0,0.0
DEE11140,8.17,54.34,37.5,0.0,0.0
DEE11150,4.7,76.04,19.26,0.0,0.0
DEE11160,8.26,74.06,17.68,0.0,0.0
DEE11170,7.58,78.26,14.09,0.0,0.07
DEE11200,2.03,69.99,27.82,0.0,0.15
DEE11210,2.51,73.9,23.52,0.0,0.07
DEE11220,3.49,69.35,27.16,0.0,0.0
DEE11230,1.63,76.36,22.01,0.0,0.0
DEE11250,1.54,81.75,16.71,0.0,0.0
DEF10110,22.06,62.41,15.54,0.0,0.0
DEF10160,5.55,89.65,4.32,0.34,0.15
DEF10190,3.83,91.24,3.62,0.59,0.71
DEF10220,13.53,69.69,12.6,3.77,0.4
DEF10230,5.43,60.11,33.78,0.69,0.0
DEF10240,4.13,69.76,26.11,0.0,0.0
DEF10250,5.07,82.25,10.97,0.0,1.7
DEF10280,3.9,77.77,17.44,0.75,0.13
DEF10380,4.41,89.47,6.12,0.0,0.0
DEF10440,7.38,85.78,6.13,0.0,0.71
DEF10460,5.56,70.19,23.66,0.6,0.0
DEF10480,1.91,75.7,19.44,2.52,0.43
DEF10510,1.58,92.9,3.75,1.78,0.0
DEF10600,3.19,86.47,10.34,0.0,0.0
DEF10640,7.28,85.31,7.41,0.0,0.0
DEF10670,9.06,83.99,6.95,0.0,0.0
DEF10710,24.05,58.3,17.65,0.0,0.0
DEF10720,4.09,68.17,7.22,0.42,20.11
DEF10790,13.9,80.5,5.6,0.0,0.0
DEF10830,2.79,79.22,17.99,0.0,0.0
DEF10920,1.1,82.95,15.95,0.0,0.0
DEF10930,2.39,91.33,5.56,0.72,0.0
DEF10980,6.34,86.7,5.69,0.43,0.83
DEF11020,3.88,83.77,10.04,0.75,1.56
DEF11050,0.86,94.52,4.61,0.0,0.0
DEF11060,7.17,89.9,1.96,0.0,0.97
DEF11070,1.42,92.57,5.49,0.52,0.0
DEF11220,38.07,52.02,9.91,0.0,0.0
DEF11240,4.99,83.75,9.43,0.6,1.24
DEF11250,7.53,65.62,25.82,0.97,0.06
DEF11280,6.27,87.64,4.43,0.4,1.26
DEF11310,4.79,88.4,5.24,0.98,0.58
DEF11320,5.91,81.83,7.3,3.71,1.24
DEF11360,3.23,87.4,8.32,0.28,0.77
DEF11420,0.83,92.4,6.77,0.0,0.0
DEF11430,9.94,84.16,4.73,0.0,1.17
DEF11510,2.73,82.65,14.62,0.0,0.0
DEF11570,0.0,93.55,6.45,0.0,0.0
DEF11730,57.01,39.2,3.79,0.0,0.0
DEF11750,5.06,64.55,30.39,0.0,0.0
DEF11760,3.47,66.7,29.83,0.0,0.0
DEF11770,8.93,80.1,9.17,0.49,1.31
DEF11780,0.0,85.47,14.53,0.0,0.0
DEF11820,5.58,80.36,11.78,0.0,2.28
DEF11900,24.21,70.95,4.84,0.0,0.0
DEF11950,25.49,51.95,22.56,0.0,0.0
DEF11970,2.95,84.58,12.47,0.0,0.0
DEF12040,3.68,75.99,20.33,0.0,0.0
DEF12080,4.65,91.53,3.58,0.23,0.0
DEF12090,4.1,78.63,16.86,0.22,0.19
DEF12170,9.84,76.43,12.62,0.7,0.42
DEF12200,1.44,88.15,9.62,0.0,0.78
DEF12210,8.33,66.72,14.27,0.31,10.36
DEF12330,4.22,92.81,2.97,0.0,0.0
DEF12340,10.55,77.19,11.13,1.13,0.0
DEF12360,0.83,81.41,13.73,0.5,3.54
DEF12450,21.29,67.04,11.68,0.0,0.0
DEF12460,28.75,60.73,10.52,0.0,0.0
DEF12540,3.97,90.0,6.03,0.0,0.0
DEF12550,3.57,90.36,6.07,0.0,0.0
DEF12650,1.27,97.4,1.33,0.0,0.0
DEF12680,6.94,81.33,10.5,0.06,1.17
DEF12700,6.32,76.03,17.64,0.0,0.0
DEF12710,3.4,85.74,10.86,0.0,0.0
DEF12720,1.57,88.65,9.78,0.0,0.0
DEF12730,1.68,95.23,3.08,0.0,0.0
DEF12770,2.83,87.57,9.6,0.0,0.0
DEF12830,5.45,93.02,1.53,0.0,0.0
DEF12840,7.59,83.0,8.65,0.49,0.27
DEF12940,4.45,88.21,5.97,0.45,0.92
DEF12960,14.39,78.27,7.04,0.0,0.3
DEF12980,10.41,77.03,11.34,0.47,0.74
DEF13040,1.73,91.61,6.66,0.0,0.0
DEF13080,1.98,98.02,0.0,0.0,0.0
DEF13090,5.91,81.91,7.34,3.69,1.16
DEF13110,5.14,74.78,20.08,0.0,0.0
DEF13120,5.44,81.73,10.85,0.0,1.98
DEF13130,6.73,79.43,13.84,0.0,0.0
DEF13180,5.39,82.37,10.38,0.05,1.81
DEF13200,5.49,82.28,10.37,0.05,1.81
DEF13210,8.58,80.9,10.24,0.11,0.17
DEF13240,5.61,73.49,14.96,2.51,3.43
DEF13250,18.03,68.88,11.78,1.3,0.0
DEF13390,6.74,75.84,17.04,0.0,0.38
DEF13410,7.49,59.54,16.88,0.3,15.78
DEF13450,9.34,79.47,10.76,0.16,0.26
DEF13480,0.85,81.69,13.34,0.51,3.62
DEF13490,4.57,70.08,21.21,2.22,1.92
DEF13560,10.49,53.29,35.7,0.13,0.4
DEF13580,32.49,56.66,10.85,0.0,0.0
DEF13590,28.89,62.76,8.35,0.0,0.0
DEF13620,2.69,71.96,25.35,0.0,0.0
DEF13680,7.22,63.01,29.01,0.18,0.58
DEF13710,3.99,77.17,18.0,0.72,0.12
DEF13760,3.79,80.79,13.29,0.0,2.13
DEF13790,1.49,93.32,5.19,0.0,0.0
DEF13980,4.29,85.11,7.86,0.0,2.74
DEF14050,6.63,81.64,10.32,0.07,1.35
DEF14080,1.96,74.7,23.34,0.0,0.0
DEF14090,8.76,77.96,13.28,0.0,0.0
DEF14110,6.08,87.0,5.52,0.64,0.77
DEF14120,1.7,92.53,3.42,1.38,0.97
DEF14130,3.09,95.96,0.4,0.0,0.55
DEF14170,9.57,77.97,8.82,2.58,1.06
DEF14200,0.0,85.92,14.08,0.0,0.0
DEF14230,2.38,93.41,4.21,0.0,0.0
DEF14320,0.03,94.95,5.02,0.0,0.0
DEF14350,1.85,98.15,0.0,0.0,0.0
DEF14440,6.39,87.17,6.44,0.0,0.0
DEF14500,4.76,88.83,5.32,0.53,0.55
DEF14550,9.79,58.84,28.89,0.59,1.89
DEF14580,10.54,70.72,9.23,9.52,0.0
DEF14770,45.37,35.51,19.13,0.0,0.0
DEF14820,5.96,81.85,9.69,1.85,0.65
DEF14840,7.3,82.55,10.15,0.0,0.0
DEF14890,3.26,86.41,9.15,0.32,0.87
DEF14940,10.56,75.06,12.95,0.89,0.54
DEF14990,5.65,78.25,16.1,0.0,0.0
DEF15060,11.35,76.61,11.27,0.59,0.18
DEF15070,2.56,89.48,7.97,0.0,0.0
DEF15080,1.01,92.78,6.21,0.0,0.0
DEG10000,6.17,79.65,14.18,0.0,0.0
DEG10010,6.89,64.95,28.15,0.0,0.0
DEG10020,5.82,27.66,66.52,0.0,0.0
DEG10050,7.93,59.76,32.3,0.0,0.0
DEG10060,7.19,38.75,53.93,0.0,0.13
DEG10080,6.53,46.7,46.77,0.0,0.0
DEG10090,3.74,73.25,22.44,0.0,0.56
DEG10100,8.9,78.5,12.39,0.0,0.2
DEG10110,9.46,46.0,44.44,0.0,0.09
DEG10120,4.28,64.24,31.26,0.0,0.23
DEG10130,5.22,31.28,63.5,0.0,0.0
DEG10140,13.27,24.25,62.48,0.0,0.0
DEG10150,7.8,49.07,42.71,0.0,0.41
DEG10160,7.06,49.28,43.54,0.01,0.11
DEG10170,8.11,61.98,29.91,0.0,0.0
DEG10200,3.96,5.79,89.27,0.0,0.98
DEG10220,2.34,2.57,95.09,0.0,0.0
DEG10230,6.72,45.97,47.18,0.01,0.12
DEG10240,16.11,72.6,11.14,0.0,0.15
DEG10250,10.27,17.26,72.31,0.0,0.16
DEG10270,8.33,88.79,2.87,0.0,0.0
DEG10280,8.35,56.69,34.88,0.0,0.08
DEG10290,8.92,63.9,27.18,0.0,0.0
DEG10300,5.9,15.23,78.87,0.0,0.0
DEG10310,0.75,1.78,97.47,0.0,0.0
DEG10320,8.11,44.35,46.92,0.0,0.62
DEG10330,3.27,8.61,86.83,0.0,1.28
DEG10350,2.45,32.41,65.14,0.0,0.0
DEG10360,2.5,71.19,26.31,0.0,0.0
DEG10370,7.52,36.7,55.6,0.0,0.17
DEG10380,5.67,50.62,43.59,0.0,0.11
DEG10390,9.08,27.71,63.21,0.0,0.0
DEG10400,4.61,62.1,32.87,0.0,0.41
DEG10410,10.52,20.07,69.4,0.0,0.0
DEG10420,7.91,72.53,19.4,0.0,0.16
DEG10430,8.44,59.41,32.07,0.0,0.08
DEG10440,7.02,27.17,65.81,0.0,0.0
DEG10450,7.72,70.49,21.43,0.01,0.35
DEG10460,3.29,26.57,70.13,0.0,0.0
DEG10470,5.27,22.36,71.57,0.0,0.79
DEG10510,6.84,18.67,74.49,0.0,0.0
DEG10520,4.06,21.46,73.64,0.0,0.84
DEG10530,9.51,8.14,82.35,0.0,0.0
DEG10540,8.8,64.5,26.22,0.02,0.45
DEG10550,27.03,4.23,68.73,0.0,0.0
DEG10560,5.81,78.2,15.83,0.0,0.16
DEG10580,3.25,64.56,32.12,0.06,0.0
DEG10590,7.25,41.22,51.38,0.0,0.15
DEG10600,3.34,76.95,19.71,0.0,0.0
DEG10610,5.22,63.47,29.96,0.0,1.35
DEG10620,8.57,63.54,27.76,0.0,0.13
